TimeStamp;NodeID;NodeCount;SF;WorkerCount;Table name;time in ms;size in byte;speed;comment
1734187861203;1;1;6000.0;12;ALL;12265;591607685;46.0 MiB/s;;
1734187861203;1;1;6000.0;12;ALL#worker0;processdWorkUnits;94;processdWorkUnits/s;158;processdWorkUnits;2;processdWorkUnits/s;250;processdWorkUnits;29;processdWorkUnits/s;617;processdWorkUnits;365;processdWorkUnits/s;666;processdWorkUnits;14;processdWorkUnits/s;700;processdWorkUnits;83;processdWorkUnits/s;406;processdWorkUnits;1;processdWorkUnits/s;500;processdWorkUnits;19940;processdWorkUnits/s;1853;processdWorkUnits;1;processdWorkUnits/s;333;;
1734187861203;1;1;6000.0;12;ALL#worker1;processdWorkUnits;94;processdWorkUnits/s;159;processdWorkUnits;0;processdWorkUnits/s;0;processdWorkUnits;30;processdWorkUnits/s;638;processdWorkUnits;48;processdWorkUnits/s;87;processdWorkUnits;15;processdWorkUnits/s;750;processdWorkUnits;71;processdWorkUnits/s;373;processdWorkUnits;0;processdWorkUnits/s;0;processdWorkUnits;20390;processdWorkUnits/s;1895;processdWorkUnits;0;processdWorkUnits/s;0;;
1734187861203;1;1;6000.0;12;ALL#worker10;processdWorkUnits;102;processdWorkUnits/s;172;processdWorkUnits;0;processdWorkUnits/s;0;processdWorkUnits;26;processdWorkUnits/s;565;processdWorkUnits;0;processdWorkUnits/s;0;processdWorkUnits;6;processdWorkUnits/s;352;processdWorkUnits;80;processdWorkUnits/s;406;processdWorkUnits;0;processdWorkUnits/s;0;processdWorkUnits;9795;processdWorkUnits/s;910;processdWorkUnits;0;processdWorkUnits/s;0;;
1734187861203;1;1;6000.0;12;ALL#worker11;processdWorkUnits;85;processdWorkUnits/s;143;processdWorkUnits;0;processdWorkUnits/s;0;processdWorkUnits;30;processdWorkUnits/s;681;processdWorkUnits;0;processdWorkUnits/s;0;processdWorkUnits;1;processdWorkUnits/s;55;processdWorkUnits;72;processdWorkUnits/s;373;processdWorkUnits;0;processdWorkUnits/s;0;processdWorkUnits;7142;processdWorkUnits/s;663;processdWorkUnits;0;processdWorkUnits/s;0;;
1734187861203;1;1;6000.0;12;ALL#worker2;processdWorkUnits;84;processdWorkUnits/s;141;processdWorkUnits;0;processdWorkUnits/s;0;processdWorkUnits;20;processdWorkUnits/s;444;processdWorkUnits;19;processdWorkUnits/s;34;processdWorkUnits;19;processdWorkUnits/s;1000;processdWorkUnits;86;processdWorkUnits/s;423;processdWorkUnits;1;processdWorkUnits/s;500;processdWorkUnits;19071;processdWorkUnits/s;1772;processdWorkUnits;0;processdWorkUnits/s;0;;
1734187861203;1;1;6000.0;12;ALL#worker3;processdWorkUnits;90;processdWorkUnits/s;151;processdWorkUnits;0;processdWorkUnits/s;0;processdWorkUnits;15;processdWorkUnits/s;326;processdWorkUnits;2;processdWorkUnits/s;3;processdWorkUnits;32;processdWorkUnits/s;1684;processdWorkUnits;82;processdWorkUnits/s;403;processdWorkUnits;0;processdWorkUnits/s;0;processdWorkUnits;19312;processdWorkUnits/s;1795;processdWorkUnits;0;processdWorkUnits/s;0;;
1734187861203;1;1;6000.0;12;ALL#worker4;processdWorkUnits;103;processdWorkUnits/s;173;processdWorkUnits;0;processdWorkUnits/s;0;processdWorkUnits;31;processdWorkUnits/s;673;processdWorkUnits;0;processdWorkUnits/s;0;processdWorkUnits;10;processdWorkUnits/s;555;processdWorkUnits;83;processdWorkUnits/s;410;processdWorkUnits;0;processdWorkUnits/s;0;processdWorkUnits;18310;processdWorkUnits/s;1701;processdWorkUnits;0;processdWorkUnits/s;0;;
1734187861203;1;1;6000.0;12;ALL#worker5;processdWorkUnits;82;processdWorkUnits/s;138;processdWorkUnits;0;processdWorkUnits/s;0;processdWorkUnits;19;processdWorkUnits/s;413;processdWorkUnits;0;processdWorkUnits/s;0;processdWorkUnits;22;processdWorkUnits/s;1222;processdWorkUnits;87;processdWorkUnits/s;435;processdWorkUnits;0;processdWorkUnits/s;0;processdWorkUnits;18235;processdWorkUnits/s;1695;processdWorkUnits;0;processdWorkUnits/s;0;;
1734187861203;1;1;6000.0;12;ALL#worker6;processdWorkUnits;90;processdWorkUnits/s;152;processdWorkUnits;0;processdWorkUnits/s;0;processdWorkUnits;30;processdWorkUnits/s;625;processdWorkUnits;0;processdWorkUnits/s;0;processdWorkUnits;6;processdWorkUnits/s;315;processdWorkUnits;61;processdWorkUnits/s;344;processdWorkUnits;0;processdWorkUnits/s;0;processdWorkUnits;18396;processdWorkUnits/s;1709;processdWorkUnits;0;processdWorkUnits/s;0;;
1734187861203;1;1;6000.0;12;ALL#worker7;processdWorkUnits;101;processdWorkUnits/s;170;processdWorkUnits;0;processdWorkUnits/s;0;processdWorkUnits;21;processdWorkUnits/s;456;processdWorkUnits;0;processdWorkUnits/s;0;processdWorkUnits;23;processdWorkUnits/s;1352;processdWorkUnits;72;processdWorkUnits/s;402;processdWorkUnits;0;processdWorkUnits/s;0;processdWorkUnits;17157;processdWorkUnits/s;1594;processdWorkUnits;0;processdWorkUnits/s;0;;
1734187861203;1;1;6000.0;12;ALL#worker8;processdWorkUnits;98;processdWorkUnits/s;165;processdWorkUnits;1;processdWorkUnits/s;142;processdWorkUnits;21;processdWorkUnits/s;456;processdWorkUnits;1;processdWorkUnits/s;1;processdWorkUnits;14;processdWorkUnits/s;777;processdWorkUnits;60;processdWorkUnits/s;338;processdWorkUnits;0;processdWorkUnits/s;0;processdWorkUnits;15059;processdWorkUnits/s;1399;processdWorkUnits;0;processdWorkUnits/s;0;;
1734187861203;1;1;6000.0;12;ALL#worker9;processdWorkUnits;106;processdWorkUnits/s;179;processdWorkUnits;0;processdWorkUnits/s;0;processdWorkUnits;28;processdWorkUnits/s;608;processdWorkUnits;0;processdWorkUnits/s;0;processdWorkUnits;18;processdWorkUnits/s;947;processdWorkUnits;63;processdWorkUnits/s;351;processdWorkUnits;0;processdWorkUnits/s;0;processdWorkUnits;12923;processdWorkUnits/s;1201;processdWorkUnits;0;processdWorkUnits/s;0;;
1734187861203;1;1;6000.0;12;Account;14;8757;610.8 KiB/s;;
1734187861203;1;1;6000.0;12;BatchDate;12;88;7.2 KiB/s;;
1734187861203;1;1;6000.0;12;Customer;12;12854;1.0 MiB/s;;
1734187861203;1;1;6000.0;12;CustomerMgmt;554;18664593;32.1 MiB/s;;
1734187861203;1;1;6000.0;12;DailyMarket;3102;176274161;54.2 MiB/s;;
1734187861203;1;1;6000.0;12;Date;374;3501650;8.9 MiB/s;374;3501650;8.9 MiB/s;;
1734187861203;1;1;6000.0;12;FINWIRE;1159;60172728;49.5 MiB/s;;
1734187861203;1;1;6000.0;12;HR;54;2423914;42.8 MiB/s;54;2423914;42.8 MiB/s;;
1734187861203;1;1;6000.0;12;Industry;7;2732;381.1 KiB/s;7;2732;381.1 KiB/s;;
1734187861203;1;1;6000.0;12;Prospect;207;18767406;86.5 MiB/s;;
1734187861203;1;1;6000.0;12;RecordsBatch#1;9443149;;
1734187861203;1;1;6000.0;12;RecordsBatch#2;40317;;
1734187861203;1;1;6000.0;12;RecordsBatch#3;40283;;
1734187861203;1;1;6000.0;12;RecordsBatch#ALL;9523749;776498;records/second;;
1734187861203;1;1;6000.0;12;StatusType;14;3725;259.8 KiB/s;14;3725;259.8 KiB/s;;
1734187861203;1;1;6000.0;12;TaxRate;8;17091;2.0 MiB/s;8;17091;2.0 MiB/s;;
1734187861203;1;1;6000.0;12;Time;201;4782598;22.7 MiB/s;201;4782598;22.7 MiB/s;;
1734187861203;1;1;6000.0;12;TradeSource;5117;222715082;41.5 MiB/s;;
1734187861203;1;1;6000.0;12;WatchHistory;1385;84260207;58.0 MiB/s;;
1734187861203;1;1;6000.0;12;pdgf.core.dataGenerator.worker.DbDumpRowWorker#worker#0;processdWorkUnits;83;processdWorkUnits/s;406;;
1734187861203;1;1;6000.0;12;pdgf.core.dataGenerator.worker.DbDumpRowWorker#worker#1;processdWorkUnits;71;processdWorkUnits/s;373;;
1734187861203;1;1;6000.0;12;pdgf.core.dataGenerator.worker.DbDumpRowWorker#worker#10;processdWorkUnits;80;processdWorkUnits/s;406;;
1734187861203;1;1;6000.0;12;pdgf.core.dataGenerator.worker.DbDumpRowWorker#worker#11;processdWorkUnits;72;processdWorkUnits/s;373;;
1734187861203;1;1;6000.0;12;pdgf.core.dataGenerator.worker.DbDumpRowWorker#worker#2;processdWorkUnits;86;processdWorkUnits/s;423;;
1734187861203;1;1;6000.0;12;pdgf.core.dataGenerator.worker.DbDumpRowWorker#worker#3;processdWorkUnits;82;processdWorkUnits/s;403;;
1734187861203;1;1;6000.0;12;pdgf.core.dataGenerator.worker.DbDumpRowWorker#worker#4;processdWorkUnits;83;processdWorkUnits/s;410;;
1734187861203;1;1;6000.0;12;pdgf.core.dataGenerator.worker.DbDumpRowWorker#worker#5;processdWorkUnits;87;processdWorkUnits/s;435;;
1734187861203;1;1;6000.0;12;pdgf.core.dataGenerator.worker.DbDumpRowWorker#worker#6;processdWorkUnits;61;processdWorkUnits/s;344;;
1734187861203;1;1;6000.0;12;pdgf.core.dataGenerator.worker.DbDumpRowWorker#worker#7;processdWorkUnits;72;processdWorkUnits/s;402;;
1734187861203;1;1;6000.0;12;pdgf.core.dataGenerator.worker.DbDumpRowWorker#worker#8;processdWorkUnits;60;processdWorkUnits/s;338;;
1734187861203;1;1;6000.0;12;pdgf.core.dataGenerator.worker.DbDumpRowWorker#worker#9;processdWorkUnits;63;processdWorkUnits/s;351;;
1734187861203;1;1;6000.0;12;pdgf.core.dataGenerator.worker.RowWorker#worker#0;processdWorkUnits;94;processdWorkUnits/s;158;processdWorkUnits;29;processdWorkUnits/s;617;processdWorkUnits;1;processdWorkUnits/s;500;processdWorkUnits;1;processdWorkUnits/s;333;;
1734187861203;1;1;6000.0;12;pdgf.core.dataGenerator.worker.RowWorker#worker#1;processdWorkUnits;94;processdWorkUnits/s;159;processdWorkUnits;30;processdWorkUnits/s;638;processdWorkUnits;0;processdWorkUnits/s;0;processdWorkUnits;0;processdWorkUnits/s;0;;
1734187861203;1;1;6000.0;12;pdgf.core.dataGenerator.worker.RowWorker#worker#10;processdWorkUnits;102;processdWorkUnits/s;172;processdWorkUnits;26;processdWorkUnits/s;565;processdWorkUnits;0;processdWorkUnits/s;0;processdWorkUnits;0;processdWorkUnits/s;0;;
1734187861203;1;1;6000.0;12;pdgf.core.dataGenerator.worker.RowWorker#worker#11;processdWorkUnits;85;processdWorkUnits/s;143;processdWorkUnits;30;processdWorkUnits/s;681;processdWorkUnits;0;processdWorkUnits/s;0;processdWorkUnits;0;processdWorkUnits/s;0;;
1734187861203;1;1;6000.0;12;pdgf.core.dataGenerator.worker.RowWorker#worker#2;processdWorkUnits;84;processdWorkUnits/s;141;processdWorkUnits;20;processdWorkUnits/s;444;processdWorkUnits;1;processdWorkUnits/s;500;processdWorkUnits;0;processdWorkUnits/s;0;;
1734187861203;1;1;6000.0;12;pdgf.core.dataGenerator.worker.RowWorker#worker#3;processdWorkUnits;90;processdWorkUnits/s;151;processdWorkUnits;15;processdWorkUnits/s;326;processdWorkUnits;0;processdWorkUnits/s;0;processdWorkUnits;0;processdWorkUnits/s;0;;
1734187861203;1;1;6000.0;12;pdgf.core.dataGenerator.worker.RowWorker#worker#4;processdWorkUnits;103;processdWorkUnits/s;173;processdWorkUnits;31;processdWorkUnits/s;673;processdWorkUnits;0;processdWorkUnits/s;0;processdWorkUnits;0;processdWorkUnits/s;0;;
1734187861203;1;1;6000.0;12;pdgf.core.dataGenerator.worker.RowWorker#worker#5;processdWorkUnits;82;processdWorkUnits/s;138;processdWorkUnits;19;processdWorkUnits/s;413;processdWorkUnits;0;processdWorkUnits/s;0;processdWorkUnits;0;processdWorkUnits/s;0;;
1734187861203;1;1;6000.0;12;pdgf.core.dataGenerator.worker.RowWorker#worker#6;processdWorkUnits;90;processdWorkUnits/s;152;processdWorkUnits;30;processdWorkUnits/s;625;processdWorkUnits;0;processdWorkUnits/s;0;processdWorkUnits;0;processdWorkUnits/s;0;;
1734187861203;1;1;6000.0;12;pdgf.core.dataGenerator.worker.RowWorker#worker#7;processdWorkUnits;101;processdWorkUnits/s;170;processdWorkUnits;21;processdWorkUnits/s;456;processdWorkUnits;0;processdWorkUnits/s;0;processdWorkUnits;0;processdWorkUnits/s;0;;
1734187861203;1;1;6000.0;12;pdgf.core.dataGenerator.worker.RowWorker#worker#8;processdWorkUnits;98;processdWorkUnits/s;165;processdWorkUnits;21;processdWorkUnits/s;456;processdWorkUnits;0;processdWorkUnits/s;0;processdWorkUnits;0;processdWorkUnits/s;0;;
1734187861203;1;1;6000.0;12;pdgf.core.dataGenerator.worker.RowWorker#worker#9;processdWorkUnits;106;processdWorkUnits/s;179;processdWorkUnits;28;processdWorkUnits/s;608;processdWorkUnits;0;processdWorkUnits/s;0;processdWorkUnits;0;processdWorkUnits/s;0;;
1734187861203;1;1;6000.0;12;pdgf.core.dataGenerator.worker.UpdateRowWorker#worker#0;processdWorkUnits;2;processdWorkUnits/s;250;processdWorkUnits;14;processdWorkUnits/s;700;processdWorkUnits;19940;processdWorkUnits/s;1853;;
1734187861203;1;1;6000.0;12;pdgf.core.dataGenerator.worker.UpdateRowWorker#worker#1;processdWorkUnits;0;processdWorkUnits/s;0;processdWorkUnits;15;processdWorkUnits/s;750;processdWorkUnits;20390;processdWorkUnits/s;1895;;
1734187861203;1;1;6000.0;12;pdgf.core.dataGenerator.worker.UpdateRowWorker#worker#10;processdWorkUnits;0;processdWorkUnits/s;0;processdWorkUnits;6;processdWorkUnits/s;352;processdWorkUnits;9795;processdWorkUnits/s;910;;
1734187861203;1;1;6000.0;12;pdgf.core.dataGenerator.worker.UpdateRowWorker#worker#11;processdWorkUnits;0;processdWorkUnits/s;0;processdWorkUnits;1;processdWorkUnits/s;55;processdWorkUnits;7142;processdWorkUnits/s;663;;
1734187861203;1;1;6000.0;12;pdgf.core.dataGenerator.worker.UpdateRowWorker#worker#2;processdWorkUnits;0;processdWorkUnits/s;0;processdWorkUnits;19;processdWorkUnits/s;1000;processdWorkUnits;19071;processdWorkUnits/s;1772;;
1734187861203;1;1;6000.0;12;pdgf.core.dataGenerator.worker.UpdateRowWorker#worker#3;processdWorkUnits;0;processdWorkUnits/s;0;processdWorkUnits;32;processdWorkUnits/s;1684;processdWorkUnits;19312;processdWorkUnits/s;1795;;
1734187861203;1;1;6000.0;12;pdgf.core.dataGenerator.worker.UpdateRowWorker#worker#4;processdWorkUnits;0;processdWorkUnits/s;0;processdWorkUnits;10;processdWorkUnits/s;555;processdWorkUnits;18310;processdWorkUnits/s;1701;;
1734187861203;1;1;6000.0;12;pdgf.core.dataGenerator.worker.UpdateRowWorker#worker#5;processdWorkUnits;0;processdWorkUnits/s;0;processdWorkUnits;22;processdWorkUnits/s;1222;processdWorkUnits;18235;processdWorkUnits/s;1695;;
1734187861203;1;1;6000.0;12;pdgf.core.dataGenerator.worker.UpdateRowWorker#worker#6;processdWorkUnits;0;processdWorkUnits/s;0;processdWorkUnits;6;processdWorkUnits/s;315;processdWorkUnits;18396;processdWorkUnits/s;1709;;
1734187861203;1;1;6000.0;12;pdgf.core.dataGenerator.worker.UpdateRowWorker#worker#7;processdWorkUnits;0;processdWorkUnits/s;0;processdWorkUnits;23;processdWorkUnits/s;1352;processdWorkUnits;17157;processdWorkUnits/s;1594;;
1734187861203;1;1;6000.0;12;pdgf.core.dataGenerator.worker.UpdateRowWorker#worker#8;processdWorkUnits;1;processdWorkUnits/s;142;processdWorkUnits;14;processdWorkUnits/s;777;processdWorkUnits;15059;processdWorkUnits/s;1399;;
1734187861203;1;1;6000.0;12;pdgf.core.dataGenerator.worker.UpdateRowWorker#worker#9;processdWorkUnits;0;processdWorkUnits/s;0;processdWorkUnits;18;processdWorkUnits/s;947;processdWorkUnits;12923;processdWorkUnits/s;1201;;
1734187861203;1;1;6000.0;12;tpc.di.scheduler.CustomerMgmtUpdateRowWorker#worker#0;processdWorkUnits;365;processdWorkUnits/s;666;;
1734187861203;1;1;6000.0;12;tpc.di.scheduler.CustomerMgmtUpdateRowWorker#worker#1;processdWorkUnits;48;processdWorkUnits/s;87;;
1734187861203;1;1;6000.0;12;tpc.di.scheduler.CustomerMgmtUpdateRowWorker#worker#10;processdWorkUnits;0;processdWorkUnits/s;0;;
1734187861203;1;1;6000.0;12;tpc.di.scheduler.CustomerMgmtUpdateRowWorker#worker#11;processdWorkUnits;0;processdWorkUnits/s;0;;
1734187861203;1;1;6000.0;12;tpc.di.scheduler.CustomerMgmtUpdateRowWorker#worker#2;processdWorkUnits;19;processdWorkUnits/s;34;;
1734187861203;1;1;6000.0;12;tpc.di.scheduler.CustomerMgmtUpdateRowWorker#worker#3;processdWorkUnits;2;processdWorkUnits/s;3;;
1734187861203;1;1;6000.0;12;tpc.di.scheduler.CustomerMgmtUpdateRowWorker#worker#4;processdWorkUnits;0;processdWorkUnits/s;0;;
1734187861203;1;1;6000.0;12;tpc.di.scheduler.CustomerMgmtUpdateRowWorker#worker#5;processdWorkUnits;0;processdWorkUnits/s;0;;
1734187861203;1;1;6000.0;12;tpc.di.scheduler.CustomerMgmtUpdateRowWorker#worker#6;processdWorkUnits;0;processdWorkUnits/s;0;;
1734187861203;1;1;6000.0;12;tpc.di.scheduler.CustomerMgmtUpdateRowWorker#worker#7;processdWorkUnits;0;processdWorkUnits/s;0;;
1734187861203;1;1;6000.0;12;tpc.di.scheduler.CustomerMgmtUpdateRowWorker#worker#8;processdWorkUnits;1;processdWorkUnits/s;1;;
1734187861203;1;1;6000.0;12;tpc.di.scheduler.CustomerMgmtUpdateRowWorker#worker#9;processdWorkUnits;0;processdWorkUnits/s;0;;
1734188009307;1;1;12000.0;12;ALL;18035;1215018003;64.2 MiB/s;;
1734188009307;1;1;12000.0;12;ALL#worker0;processdWorkUnits;93;processdWorkUnits/s;145;processdWorkUnits;1;processdWorkUnits/s;142;processdWorkUnits;43;processdWorkUnits/s;597;processdWorkUnits;391;processdWorkUnits/s;426;processdWorkUnits;16;processdWorkUnits/s;695;processdWorkUnits;164;processdWorkUnits/s;375;processdWorkUnits;1;processdWorkUnits/s;1000;processdWorkUnits;21114;processdWorkUnits/s;1331;processdWorkUnits;1;processdWorkUnits/s;500;;
1734188009307;1;1;12000.0;12;ALL#worker1;processdWorkUnits;104;processdWorkUnits/s;163;processdWorkUnits;0;processdWorkUnits/s;0;processdWorkUnits;47;processdWorkUnits/s;661;processdWorkUnits;327;processdWorkUnits/s;357;processdWorkUnits;34;processdWorkUnits/s;1478;processdWorkUnits;149;processdWorkUnits/s;340;processdWorkUnits;1;processdWorkUnits/s;1000;processdWorkUnits;21675;processdWorkUnits/s;1366;processdWorkUnits;0;processdWorkUnits/s;0;;
1734188009307;1;1;12000.0;12;ALL#worker10;processdWorkUnits;91;processdWorkUnits/s;142;processdWorkUnits;0;processdWorkUnits/s;0;processdWorkUnits;55;processdWorkUnits/s;808;processdWorkUnits;2;processdWorkUnits/s;2;processdWorkUnits;3;processdWorkUnits/s;150;processdWorkUnits;138;processdWorkUnits/s;319;processdWorkUnits;0;processdWorkUnits/s;0;processdWorkUnits;14075;processdWorkUnits/s;887;processdWorkUnits;0;processdWorkUnits/s;0;;
1734188009307;1;1;12000.0;12;ALL#worker11;processdWorkUnits;78;processdWorkUnits/s;122;processdWorkUnits;0;processdWorkUnits/s;0;processdWorkUnits;50;processdWorkUnits/s;769;processdWorkUnits;0;processdWorkUnits/s;0;processdWorkUnits;0;processdWorkUnits/s;0;processdWorkUnits;146;processdWorkUnits/s;338;processdWorkUnits;0;processdWorkUnits/s;0;processdWorkUnits;11013;processdWorkUnits/s;694;processdWorkUnits;0;processdWorkUnits/s;0;;
1734188009307;1;1;12000.0;12;ALL#worker2;processdWorkUnits;114;processdWorkUnits/s;178;processdWorkUnits;0;processdWorkUnits/s;0;processdWorkUnits;50;processdWorkUnits/s;704;processdWorkUnits;85;processdWorkUnits/s;92;processdWorkUnits;21;processdWorkUnits/s;913;processdWorkUnits;158;processdWorkUnits/s;361;processdWorkUnits;0;processdWorkUnits/s;0;processdWorkUnits;20827;processdWorkUnits/s;1312;processdWorkUnits;0;processdWorkUnits/s;0;;
1734188009307;1;1;12000.0;12;ALL#worker3;processdWorkUnits;113;processdWorkUnits/s;177;processdWorkUnits;0;processdWorkUnits/s;0;processdWorkUnits;48;processdWorkUnits/s;666;processdWorkUnits;24;processdWorkUnits/s;26;processdWorkUnits;18;processdWorkUnits/s;818;processdWorkUnits;147;processdWorkUnits/s;336;processdWorkUnits;0;processdWorkUnits/s;0;processdWorkUnits;21067;processdWorkUnits/s;1328;processdWorkUnits;0;processdWorkUnits/s;0;;
1734188009307;1;1;12000.0;12;ALL#worker4;processdWorkUnits;108;processdWorkUnits/s;169;processdWorkUnits;1;processdWorkUnits/s;142;processdWorkUnits;51;processdWorkUnits/s;728;processdWorkUnits;27;processdWorkUnits/s;29;processdWorkUnits;19;processdWorkUnits/s;863;processdWorkUnits;175;processdWorkUnits/s;400;processdWorkUnits;0;processdWorkUnits/s;0;processdWorkUnits;19640;processdWorkUnits/s;1238;processdWorkUnits;0;processdWorkUnits/s;0;;
1734188009307;1;1;12000.0;12;ALL#worker5;processdWorkUnits;82;processdWorkUnits/s;128;processdWorkUnits;0;processdWorkUnits/s;0;processdWorkUnits;47;processdWorkUnits/s;652;processdWorkUnits;8;processdWorkUnits/s;8;processdWorkUnits;47;processdWorkUnits/s;2136;processdWorkUnits;178;processdWorkUnits/s;407;processdWorkUnits;0;processdWorkUnits/s;0;processdWorkUnits;19877;processdWorkUnits/s;1253;processdWorkUnits;0;processdWorkUnits/s;0;;
1734188009307;1;1;12000.0;12;ALL#worker6;processdWorkUnits;88;processdWorkUnits/s;138;processdWorkUnits;1;processdWorkUnits/s;142;processdWorkUnits;52;processdWorkUnits/s;732;processdWorkUnits;4;processdWorkUnits/s;4;processdWorkUnits;36;processdWorkUnits/s;1636;processdWorkUnits;153;processdWorkUnits/s;350;processdWorkUnits;0;processdWorkUnits/s;0;processdWorkUnits;20397;processdWorkUnits/s;1285;processdWorkUnits;0;processdWorkUnits/s;0;;
1734188009307;1;1;12000.0;12;ALL#worker7;processdWorkUnits;76;processdWorkUnits/s;119;processdWorkUnits;0;processdWorkUnits/s;0;processdWorkUnits;52;processdWorkUnits/s;742;processdWorkUnits;1;processdWorkUnits/s;1;processdWorkUnits;41;processdWorkUnits/s;1952;processdWorkUnits;119;processdWorkUnits/s;272;processdWorkUnits;0;processdWorkUnits/s;0;processdWorkUnits;19726;processdWorkUnits/s;1243;processdWorkUnits;0;processdWorkUnits/s;0;;
1734188009307;1;1;12000.0;12;ALL#worker8;processdWorkUnits;81;processdWorkUnits/s;127;processdWorkUnits;0;processdWorkUnits/s;0;processdWorkUnits;55;processdWorkUnits/s;785;processdWorkUnits;1;processdWorkUnits/s;1;processdWorkUnits;4;processdWorkUnits/s;190;processdWorkUnits;133;processdWorkUnits/s;306;processdWorkUnits;0;processdWorkUnits/s;0;processdWorkUnits;18435;processdWorkUnits/s;1162;processdWorkUnits;0;processdWorkUnits/s;0;;
1734188009307;1;1;12000.0;12;ALL#worker9;processdWorkUnits;101;processdWorkUnits/s;158;processdWorkUnits;0;processdWorkUnits/s;0;processdWorkUnits;50;processdWorkUnits/s;724;processdWorkUnits;0;processdWorkUnits/s;0;processdWorkUnits;1;processdWorkUnits/s;47;processdWorkUnits;140;processdWorkUnits/s;324;processdWorkUnits;0;processdWorkUnits/s;0;processdWorkUnits;17132;processdWorkUnits/s;1080;processdWorkUnits;0;processdWorkUnits/s;0;;
1734188009307;1;1;12000.0;12;Account;14;17620;1.2 MiB/s;;
1734188009307;1;1;12000.0;12;BatchDate;11;88;7.8 KiB/s;;
1734188009307;1;1;12000.0;12;Customer;17;25659;1.4 MiB/s;;
1734188009307;1;1;12000.0;12;CustomerMgmt;922;37369733;38.7 MiB/s;;
1734188009307;1;1;12000.0;12;DailyMarket;5308;377667539;67.9 MiB/s;;
1734188009307;1;1;12000.0;12;Date;397;3501650;8.4 MiB/s;397;3501650;8.4 MiB/s;;
1734188009307;1;1;12000.0;12;FINWIRE;1759;129278661;70.1 MiB/s;;
1734188009307;1;1;12000.0;12;HR;79;4867472;58.8 MiB/s;79;4867472;58.8 MiB/s;;
1734188009307;1;1;12000.0;12;Industry;7;2732;381.1 KiB/s;7;2732;381.1 KiB/s;;
1734188009307;1;1;12000.0;12;Prospect;443;37598518;80.9 MiB/s;;
1734188009307;1;1;12000.0;12;RecordsBatch#1;19242651;;
1734188009307;1;1;12000.0;12;RecordsBatch#2;81117;;
1734188009307;1;1;12000.0;12;RecordsBatch#3;81095;;
1734188009307;1;1;12000.0;12;RecordsBatch#ALL;19404863;1075955;records/second;;
1734188009307;1;1;12000.0;12;StatusType;10;3728;364.1 KiB/s;10;3728;364.1 KiB/s;;
1734188009307;1;1;12000.0;12;TaxRate;7;17091;2.3 MiB/s;7;17091;2.3 MiB/s;;
1734188009307;1;1;12000.0;12;Time;227;4782598;20.1 MiB/s;227;4782598;20.1 MiB/s;;
1734188009307;1;1;12000.0;12;TradeSource;6675;450345589;64.3 MiB/s;;
1734188009307;1;1;12000.0;12;WatchHistory;2125;169539226;76.1 MiB/s;;
1734188009307;1;1;12000.0;12;pdgf.core.dataGenerator.worker.DbDumpRowWorker#worker#0;processdWorkUnits;164;processdWorkUnits/s;375;;
1734188009307;1;1;12000.0;12;pdgf.core.dataGenerator.worker.DbDumpRowWorker#worker#1;processdWorkUnits;149;processdWorkUnits/s;340;;
1734188009307;1;1;12000.0;12;pdgf.core.dataGenerator.worker.DbDumpRowWorker#worker#10;processdWorkUnits;138;processdWorkUnits/s;319;;
1734188009307;1;1;12000.0;12;pdgf.core.dataGenerator.worker.DbDumpRowWorker#worker#11;processdWorkUnits;146;processdWorkUnits/s;338;;
1734188009307;1;1;12000.0;12;pdgf.core.dataGenerator.worker.DbDumpRowWorker#worker#2;processdWorkUnits;158;processdWorkUnits/s;361;;
1734188009307;1;1;12000.0;12;pdgf.core.dataGenerator.worker.DbDumpRowWorker#worker#3;processdWorkUnits;147;processdWorkUnits/s;336;;
1734188009307;1;1;12000.0;12;pdgf.core.dataGenerator.worker.DbDumpRowWorker#worker#4;processdWorkUnits;175;processdWorkUnits/s;400;;
1734188009307;1;1;12000.0;12;pdgf.core.dataGenerator.worker.DbDumpRowWorker#worker#5;processdWorkUnits;178;processdWorkUnits/s;407;;
1734188009307;1;1;12000.0;12;pdgf.core.dataGenerator.worker.DbDumpRowWorker#worker#6;processdWorkUnits;153;processdWorkUnits/s;350;;
1734188009307;1;1;12000.0;12;pdgf.core.dataGenerator.worker.DbDumpRowWorker#worker#7;processdWorkUnits;119;processdWorkUnits/s;272;;
1734188009307;1;1;12000.0;12;pdgf.core.dataGenerator.worker.DbDumpRowWorker#worker#8;processdWorkUnits;133;processdWorkUnits/s;306;;
1734188009307;1;1;12000.0;12;pdgf.core.dataGenerator.worker.DbDumpRowWorker#worker#9;processdWorkUnits;140;processdWorkUnits/s;324;;
1734188009307;1;1;12000.0;12;pdgf.core.dataGenerator.worker.RowWorker#worker#0;processdWorkUnits;93;processdWorkUnits/s;145;processdWorkUnits;43;processdWorkUnits/s;597;processdWorkUnits;1;processdWorkUnits/s;1000;processdWorkUnits;1;processdWorkUnits/s;500;;
1734188009307;1;1;12000.0;12;pdgf.core.dataGenerator.worker.RowWorker#worker#1;processdWorkUnits;104;processdWorkUnits/s;163;processdWorkUnits;47;processdWorkUnits/s;661;processdWorkUnits;1;processdWorkUnits/s;1000;processdWorkUnits;0;processdWorkUnits/s;0;;
1734188009307;1;1;12000.0;12;pdgf.core.dataGenerator.worker.RowWorker#worker#10;processdWorkUnits;91;processdWorkUnits/s;142;processdWorkUnits;55;processdWorkUnits/s;808;processdWorkUnits;0;processdWorkUnits/s;0;processdWorkUnits;0;processdWorkUnits/s;0;;
1734188009307;1;1;12000.0;12;pdgf.core.dataGenerator.worker.RowWorker#worker#11;processdWorkUnits;78;processdWorkUnits/s;122;processdWorkUnits;50;processdWorkUnits/s;769;processdWorkUnits;0;processdWorkUnits/s;0;processdWorkUnits;0;processdWorkUnits/s;0;;
1734188009307;1;1;12000.0;12;pdgf.core.dataGenerator.worker.RowWorker#worker#2;processdWorkUnits;114;processdWorkUnits/s;178;processdWorkUnits;50;processdWorkUnits/s;704;processdWorkUnits;0;processdWorkUnits/s;0;processdWorkUnits;0;processdWorkUnits/s;0;;
1734188009307;1;1;12000.0;12;pdgf.core.dataGenerator.worker.RowWorker#worker#3;processdWorkUnits;113;processdWorkUnits/s;177;processdWorkUnits;48;processdWorkUnits/s;666;processdWorkUnits;0;processdWorkUnits/s;0;processdWorkUnits;0;processdWorkUnits/s;0;;
1734188009307;1;1;12000.0;12;pdgf.core.dataGenerator.worker.RowWorker#worker#4;processdWorkUnits;108;processdWorkUnits/s;169;processdWorkUnits;51;processdWorkUnits/s;728;processdWorkUnits;0;processdWorkUnits/s;0;processdWorkUnits;0;processdWorkUnits/s;0;;
1734188009307;1;1;12000.0;12;pdgf.core.dataGenerator.worker.RowWorker#worker#5;processdWorkUnits;82;processdWorkUnits/s;128;processdWorkUnits;47;processdWorkUnits/s;652;processdWorkUnits;0;processdWorkUnits/s;0;processdWorkUnits;0;processdWorkUnits/s;0;;
1734188009307;1;1;12000.0;12;pdgf.core.dataGenerator.worker.RowWorker#worker#6;processdWorkUnits;88;processdWorkUnits/s;138;processdWorkUnits;52;processdWorkUnits/s;732;processdWorkUnits;0;processdWorkUnits/s;0;processdWorkUnits;0;processdWorkUnits/s;0;;
1734188009307;1;1;12000.0;12;pdgf.core.dataGenerator.worker.RowWorker#worker#7;processdWorkUnits;76;processdWorkUnits/s;119;processdWorkUnits;52;processdWorkUnits/s;742;processdWorkUnits;0;processdWorkUnits/s;0;processdWorkUnits;0;processdWorkUnits/s;0;;
1734188009307;1;1;12000.0;12;pdgf.core.dataGenerator.worker.RowWorker#worker#8;processdWorkUnits;81;processdWorkUnits/s;127;processdWorkUnits;55;processdWorkUnits/s;785;processdWorkUnits;0;processdWorkUnits/s;0;processdWorkUnits;0;processdWorkUnits/s;0;;
1734188009307;1;1;12000.0;12;pdgf.core.dataGenerator.worker.RowWorker#worker#9;processdWorkUnits;101;processdWorkUnits/s;158;processdWorkUnits;50;processdWorkUnits/s;724;processdWorkUnits;0;processdWorkUnits/s;0;processdWorkUnits;0;processdWorkUnits/s;0;;
1734188009307;1;1;12000.0;12;pdgf.core.dataGenerator.worker.UpdateRowWorker#worker#0;processdWorkUnits;1;processdWorkUnits/s;142;processdWorkUnits;16;processdWorkUnits/s;695;processdWorkUnits;21114;processdWorkUnits/s;1331;;
1734188009307;1;1;12000.0;12;pdgf.core.dataGenerator.worker.UpdateRowWorker#worker#1;processdWorkUnits;0;processdWorkUnits/s;0;processdWorkUnits;34;processdWorkUnits/s;1478;processdWorkUnits;21675;processdWorkUnits/s;1366;;
1734188009307;1;1;12000.0;12;pdgf.core.dataGenerator.worker.UpdateRowWorker#worker#10;processdWorkUnits;0;processdWorkUnits/s;0;processdWorkUnits;3;processdWorkUnits/s;150;processdWorkUnits;14075;processdWorkUnits/s;887;;
1734188009307;1;1;12000.0;12;pdgf.core.dataGenerator.worker.UpdateRowWorker#worker#11;processdWorkUnits;0;processdWorkUnits/s;0;processdWorkUnits;0;processdWorkUnits/s;0;processdWorkUnits;11013;processdWorkUnits/s;694;;
1734188009307;1;1;12000.0;12;pdgf.core.dataGenerator.worker.UpdateRowWorker#worker#2;processdWorkUnits;0;processdWorkUnits/s;0;processdWorkUnits;21;processdWorkUnits/s;913;processdWorkUnits;20827;processdWorkUnits/s;1312;;
1734188009307;1;1;12000.0;12;pdgf.core.dataGenerator.worker.UpdateRowWorker#worker#3;processdWorkUnits;0;processdWorkUnits/s;0;processdWorkUnits;18;processdWorkUnits/s;818;processdWorkUnits;21067;processdWorkUnits/s;1328;;
1734188009307;1;1;12000.0;12;pdgf.core.dataGenerator.worker.UpdateRowWorker#worker#4;processdWorkUnits;1;processdWorkUnits/s;142;processdWorkUnits;19;processdWorkUnits/s;863;processdWorkUnits;19640;processdWorkUnits/s;1238;;
1734188009307;1;1;12000.0;12;pdgf.core.dataGenerator.worker.UpdateRowWorker#worker#5;processdWorkUnits;0;processdWorkUnits/s;0;processdWorkUnits;47;processdWorkUnits/s;2136;processdWorkUnits;19877;processdWorkUnits/s;1253;;
1734188009307;1;1;12000.0;12;pdgf.core.dataGenerator.worker.UpdateRowWorker#worker#6;processdWorkUnits;1;processdWorkUnits/s;142;processdWorkUnits;36;processdWorkUnits/s;1636;processdWorkUnits;20397;processdWorkUnits/s;1285;;
1734188009307;1;1;12000.0;12;pdgf.core.dataGenerator.worker.UpdateRowWorker#worker#7;processdWorkUnits;0;processdWorkUnits/s;0;processdWorkUnits;41;processdWorkUnits/s;1952;processdWorkUnits;19726;processdWorkUnits/s;1243;;
1734188009307;1;1;12000.0;12;pdgf.core.dataGenerator.worker.UpdateRowWorker#worker#8;processdWorkUnits;0;processdWorkUnits/s;0;processdWorkUnits;4;processdWorkUnits/s;190;processdWorkUnits;18435;processdWorkUnits/s;1162;;
1734188009307;1;1;12000.0;12;pdgf.core.dataGenerator.worker.UpdateRowWorker#worker#9;processdWorkUnits;0;processdWorkUnits/s;0;processdWorkUnits;1;processdWorkUnits/s;47;processdWorkUnits;17132;processdWorkUnits/s;1080;;
1734188009307;1;1;12000.0;12;tpc.di.scheduler.CustomerMgmtUpdateRowWorker#worker#0;processdWorkUnits;391;processdWorkUnits/s;426;;
1734188009307;1;1;12000.0;12;tpc.di.scheduler.CustomerMgmtUpdateRowWorker#worker#1;processdWorkUnits;327;processdWorkUnits/s;357;;
1734188009307;1;1;12000.0;12;tpc.di.scheduler.CustomerMgmtUpdateRowWorker#worker#10;processdWorkUnits;2;processdWorkUnits/s;2;;
1734188009307;1;1;12000.0;12;tpc.di.scheduler.CustomerMgmtUpdateRowWorker#worker#11;processdWorkUnits;0;processdWorkUnits/s;0;;
1734188009307;1;1;12000.0;12;tpc.di.scheduler.CustomerMgmtUpdateRowWorker#worker#2;processdWorkUnits;85;processdWorkUnits/s;92;;
1734188009307;1;1;12000.0;12;tpc.di.scheduler.CustomerMgmtUpdateRowWorker#worker#3;processdWorkUnits;24;processdWorkUnits/s;26;;
1734188009307;1;1;12000.0;12;tpc.di.scheduler.CustomerMgmtUpdateRowWorker#worker#4;processdWorkUnits;27;processdWorkUnits/s;29;;
1734188009307;1;1;12000.0;12;tpc.di.scheduler.CustomerMgmtUpdateRowWorker#worker#5;processdWorkUnits;8;processdWorkUnits/s;8;;
1734188009307;1;1;12000.0;12;tpc.di.scheduler.CustomerMgmtUpdateRowWorker#worker#6;processdWorkUnits;4;processdWorkUnits/s;4;;
1734188009307;1;1;12000.0;12;tpc.di.scheduler.CustomerMgmtUpdateRowWorker#worker#7;processdWorkUnits;1;processdWorkUnits/s;1;;
1734188009307;1;1;12000.0;12;tpc.di.scheduler.CustomerMgmtUpdateRowWorker#worker#8;processdWorkUnits;1;processdWorkUnits/s;1;;
1734188009307;1;1;12000.0;12;tpc.di.scheduler.CustomerMgmtUpdateRowWorker#worker#9;processdWorkUnits;0;processdWorkUnits/s;0;;
1734188057466;1;1;24000.0;12;ALL;29739;2467680840;79.1 MiB/s;;
1734188057466;1;1;24000.0;12;ALL#worker0;processdWorkUnits;91;processdWorkUnits/s;144;processdWorkUnits;3;processdWorkUnits/s;272;processdWorkUnits;73;processdWorkUnits/s;462;processdWorkUnits;424;processdWorkUnits/s;515;processdWorkUnits;20;processdWorkUnits/s;1176;processdWorkUnits;299;processdWorkUnits/s;462;processdWorkUnits;1;processdWorkUnits/s;1000;processdWorkUnits;29668;processdWorkUnits/s;1083;processdWorkUnits;1;processdWorkUnits/s;500;;
1734188057466;1;1;24000.0;12;ALL#worker1;processdWorkUnits;82;processdWorkUnits/s;130;processdWorkUnits;0;processdWorkUnits/s;0;processdWorkUnits;109;processdWorkUnits/s;689;processdWorkUnits;410;processdWorkUnits/s;498;processdWorkUnits;29;processdWorkUnits/s;1705;processdWorkUnits;296;processdWorkUnits/s;458;processdWorkUnits;0;processdWorkUnits/s;0;processdWorkUnits;30092;processdWorkUnits/s;1099;processdWorkUnits;0;processdWorkUnits/s;0;;
1734188057466;1;1;24000.0;12;ALL#worker10;processdWorkUnits;112;processdWorkUnits/s;178;processdWorkUnits;0;processdWorkUnits/s;0;processdWorkUnits;105;processdWorkUnits/s;729;processdWorkUnits;1;processdWorkUnits/s;1;processdWorkUnits;14;processdWorkUnits/s;823;processdWorkUnits;293;processdWorkUnits/s;458;processdWorkUnits;0;processdWorkUnits/s;0;processdWorkUnits;24972;processdWorkUnits/s;912;processdWorkUnits;0;processdWorkUnits/s;0;;
1734188057466;1;1;24000.0;12;ALL#worker11;processdWorkUnits;76;processdWorkUnits/s;120;processdWorkUnits;0;processdWorkUnits/s;0;processdWorkUnits;98;processdWorkUnits/s;715;processdWorkUnits;2;processdWorkUnits/s;2;processdWorkUnits;20;processdWorkUnits/s;1250;processdWorkUnits;285;processdWorkUnits/s;446;processdWorkUnits;0;processdWorkUnits/s;0;processdWorkUnits;23233;processdWorkUnits/s;848;processdWorkUnits;0;processdWorkUnits/s;0;;
1734188057466;1;1;24000.0;12;ALL#worker2;processdWorkUnits;91;processdWorkUnits/s;144;processdWorkUnits;0;processdWorkUnits/s;0;processdWorkUnits;121;processdWorkUnits/s;765;processdWorkUnits;351;processdWorkUnits/s;427;processdWorkUnits;18;processdWorkUnits/s;1000;processdWorkUnits;312;processdWorkUnits/s;482;processdWorkUnits;1;processdWorkUnits/s;1000;processdWorkUnits;29273;processdWorkUnits/s;1069;processdWorkUnits;0;processdWorkUnits/s;0;;
1734188057466;1;1;24000.0;12;ALL#worker3;processdWorkUnits;95;processdWorkUnits/s;150;processdWorkUnits;0;processdWorkUnits/s;0;processdWorkUnits;99;processdWorkUnits/s;626;processdWorkUnits;61;processdWorkUnits/s;74;processdWorkUnits;21;processdWorkUnits/s;1312;processdWorkUnits;304;processdWorkUnits/s;470;processdWorkUnits;0;processdWorkUnits/s;0;processdWorkUnits;29303;processdWorkUnits/s;1070;processdWorkUnits;0;processdWorkUnits/s;0;;
1734188057466;1;1;24000.0;12;ALL#worker4;processdWorkUnits;108;processdWorkUnits/s;170;processdWorkUnits;0;processdWorkUnits/s;0;processdWorkUnits;105;processdWorkUnits/s;664;processdWorkUnits;19;processdWorkUnits/s;23;processdWorkUnits;16;processdWorkUnits/s;941;processdWorkUnits;313;processdWorkUnits/s;487;processdWorkUnits;0;processdWorkUnits/s;0;processdWorkUnits;27696;processdWorkUnits/s;1011;processdWorkUnits;0;processdWorkUnits/s;0;;
1734188057466;1;1;24000.0;12;ALL#worker5;processdWorkUnits;91;processdWorkUnits/s;145;processdWorkUnits;0;processdWorkUnits/s;0;processdWorkUnits;92;processdWorkUnits/s;585;processdWorkUnits;16;processdWorkUnits/s;19;processdWorkUnits;26;processdWorkUnits/s;1529;processdWorkUnits;294;processdWorkUnits/s;455;processdWorkUnits;0;processdWorkUnits/s;0;processdWorkUnits;27603;processdWorkUnits/s;1008;processdWorkUnits;0;processdWorkUnits/s;0;;
1734188057466;1;1;24000.0;12;ALL#worker6;processdWorkUnits;93;processdWorkUnits/s;148;processdWorkUnits;0;processdWorkUnits/s;0;processdWorkUnits;82;processdWorkUnits/s;529;processdWorkUnits;10;processdWorkUnits/s;12;processdWorkUnits;20;processdWorkUnits/s;1250;processdWorkUnits;292;processdWorkUnits/s;452;processdWorkUnits;0;processdWorkUnits/s;0;processdWorkUnits;28376;processdWorkUnits/s;1036;processdWorkUnits;0;processdWorkUnits/s;0;;
1734188057466;1;1;24000.0;12;ALL#worker7;processdWorkUnits;78;processdWorkUnits/s;124;processdWorkUnits;0;processdWorkUnits/s;0;processdWorkUnits;122;processdWorkUnits/s;787;processdWorkUnits;5;processdWorkUnits/s;6;processdWorkUnits;27;processdWorkUnits/s;1588;processdWorkUnits;283;processdWorkUnits/s;438;processdWorkUnits;0;processdWorkUnits/s;0;processdWorkUnits;28022;processdWorkUnits/s;1023;processdWorkUnits;0;processdWorkUnits/s;0;;
1734188057466;1;1;24000.0;12;ALL#worker8;processdWorkUnits;99;processdWorkUnits/s;157;processdWorkUnits;0;processdWorkUnits/s;0;processdWorkUnits;103;processdWorkUnits/s;691;processdWorkUnits;4;processdWorkUnits/s;4;processdWorkUnits;15;processdWorkUnits/s;937;processdWorkUnits;316;processdWorkUnits/s;489;processdWorkUnits;0;processdWorkUnits/s;0;processdWorkUnits;27082;processdWorkUnits/s;989;processdWorkUnits;0;processdWorkUnits/s;0;;
1734188057466;1;1;24000.0;12;ALL#worker9;processdWorkUnits;113;processdWorkUnits/s;180;processdWorkUnits;0;processdWorkUnits/s;0;processdWorkUnits;91;processdWorkUnits/s;664;processdWorkUnits;2;processdWorkUnits/s;2;processdWorkUnits;14;processdWorkUnits/s;875;processdWorkUnits;310;processdWorkUnits/s;483;processdWorkUnits;0;processdWorkUnits/s;0;processdWorkUnits;27194;processdWorkUnits/s;993;processdWorkUnits;0;processdWorkUnits/s;0;;
1734188057466;1;1;24000.0;12;Account;12;35919;2.9 MiB/s;;
1734188057466;1;1;24000.0;12;BatchDate;17;88;5.1 KiB/s;;
1734188057466;1;1;24000.0;12;Customer;11;50809;4.4 MiB/s;;
1734188057466;1;1;24000.0;12;CustomerMgmt;827;74812603;86.3 MiB/s;;
1734188057466;1;1;24000.0;12;DailyMarket;10070;780477127;73.9 MiB/s;;
1734188057466;1;1;24000.0;12;Date;372;3501650;9.0 MiB/s;372;3501650;9.0 MiB/s;;
1734188057466;1;1;24000.0;12;FINWIRE;2896;267537079;88.1 MiB/s;;
1734188057466;1;1;24000.0;12;HR;170;9797161;55.0 MiB/s;170;9797161;55.0 MiB/s;;
1734188057466;1;1;24000.0;12;Industry;8;2732;333.5 KiB/s;8;2732;333.5 KiB/s;;
1734188057466;1;1;24000.0;12;Prospect;650;75257548;110.4 MiB/s;;
1734188057466;1;1;24000.0;12;RecordsBatch#1;38842886;;
1734188057466;1;1;24000.0;12;RecordsBatch#2;162844;;
1734188057466;1;1;24000.0;12;RecordsBatch#3;162628;;
1734188057466;1;1;24000.0;12;RecordsBatch#ALL;39168358;1317026;records/second;;
1734188057466;1;1;24000.0;12;StatusType;8;3730;455.3 KiB/s;8;3730;455.3 KiB/s;;
1734188057466;1;1;24000.0;12;TaxRate;6;17091;2.7 MiB/s;6;17091;2.7 MiB/s;;
1734188057466;1;1;24000.0;12;Time;244;4782598;18.7 MiB/s;244;4782598;18.7 MiB/s;;
1734188057466;1;1;24000.0;12;TradeSource;10470;909843044;82.9 MiB/s;;
1734188057466;1;1;24000.0;12;WatchHistory;3943;341561562;82.6 MiB/s;;
1734188057466;1;1;24000.0;12;pdgf.core.dataGenerator.worker.DbDumpRowWorker#worker#0;processdWorkUnits;299;processdWorkUnits/s;462;;
1734188057466;1;1;24000.0;12;pdgf.core.dataGenerator.worker.DbDumpRowWorker#worker#1;processdWorkUnits;296;processdWorkUnits/s;458;;
1734188057466;1;1;24000.0;12;pdgf.core.dataGenerator.worker.DbDumpRowWorker#worker#10;processdWorkUnits;293;processdWorkUnits/s;458;;
1734188057466;1;1;24000.0;12;pdgf.core.dataGenerator.worker.DbDumpRowWorker#worker#11;processdWorkUnits;285;processdWorkUnits/s;446;;
1734188057466;1;1;24000.0;12;pdgf.core.dataGenerator.worker.DbDumpRowWorker#worker#2;processdWorkUnits;312;processdWorkUnits/s;482;;
1734188057466;1;1;24000.0;12;pdgf.core.dataGenerator.worker.DbDumpRowWorker#worker#3;processdWorkUnits;304;processdWorkUnits/s;470;;
1734188057466;1;1;24000.0;12;pdgf.core.dataGenerator.worker.DbDumpRowWorker#worker#4;processdWorkUnits;313;processdWorkUnits/s;487;;
1734188057466;1;1;24000.0;12;pdgf.core.dataGenerator.worker.DbDumpRowWorker#worker#5;processdWorkUnits;294;processdWorkUnits/s;455;;
1734188057466;1;1;24000.0;12;pdgf.core.dataGenerator.worker.DbDumpRowWorker#worker#6;processdWorkUnits;292;processdWorkUnits/s;452;;
1734188057466;1;1;24000.0;12;pdgf.core.dataGenerator.worker.DbDumpRowWorker#worker#7;processdWorkUnits;283;processdWorkUnits/s;438;;
1734188057466;1;1;24000.0;12;pdgf.core.dataGenerator.worker.DbDumpRowWorker#worker#8;processdWorkUnits;316;processdWorkUnits/s;489;;
1734188057466;1;1;24000.0;12;pdgf.core.dataGenerator.worker.DbDumpRowWorker#worker#9;processdWorkUnits;310;processdWorkUnits/s;483;;
1734188057466;1;1;24000.0;12;pdgf.core.dataGenerator.worker.RowWorker#worker#0;processdWorkUnits;91;processdWorkUnits/s;144;processdWorkUnits;73;processdWorkUnits/s;462;processdWorkUnits;1;processdWorkUnits/s;1000;processdWorkUnits;1;processdWorkUnits/s;500;;
1734188057466;1;1;24000.0;12;pdgf.core.dataGenerator.worker.RowWorker#worker#1;processdWorkUnits;82;processdWorkUnits/s;130;processdWorkUnits;109;processdWorkUnits/s;689;processdWorkUnits;0;processdWorkUnits/s;0;processdWorkUnits;0;processdWorkUnits/s;0;;
1734188057466;1;1;24000.0;12;pdgf.core.dataGenerator.worker.RowWorker#worker#10;processdWorkUnits;112;processdWorkUnits/s;178;processdWorkUnits;105;processdWorkUnits/s;729;processdWorkUnits;0;processdWorkUnits/s;0;processdWorkUnits;0;processdWorkUnits/s;0;;
1734188057466;1;1;24000.0;12;pdgf.core.dataGenerator.worker.RowWorker#worker#11;processdWorkUnits;76;processdWorkUnits/s;120;processdWorkUnits;98;processdWorkUnits/s;715;processdWorkUnits;0;processdWorkUnits/s;0;processdWorkUnits;0;processdWorkUnits/s;0;;
1734188057466;1;1;24000.0;12;pdgf.core.dataGenerator.worker.RowWorker#worker#2;processdWorkUnits;91;processdWorkUnits/s;144;processdWorkUnits;121;processdWorkUnits/s;765;processdWorkUnits;1;processdWorkUnits/s;1000;processdWorkUnits;0;processdWorkUnits/s;0;;
1734188057466;1;1;24000.0;12;pdgf.core.dataGenerator.worker.RowWorker#worker#3;processdWorkUnits;95;processdWorkUnits/s;150;processdWorkUnits;99;processdWorkUnits/s;626;processdWorkUnits;0;processdWorkUnits/s;0;processdWorkUnits;0;processdWorkUnits/s;0;;
1734188057466;1;1;24000.0;12;pdgf.core.dataGenerator.worker.RowWorker#worker#4;processdWorkUnits;108;processdWorkUnits/s;170;processdWorkUnits;105;processdWorkUnits/s;664;processdWorkUnits;0;processdWorkUnits/s;0;processdWorkUnits;0;processdWorkUnits/s;0;;
1734188057466;1;1;24000.0;12;pdgf.core.dataGenerator.worker.RowWorker#worker#5;processdWorkUnits;91;processdWorkUnits/s;145;processdWorkUnits;92;processdWorkUnits/s;585;processdWorkUnits;0;processdWorkUnits/s;0;processdWorkUnits;0;processdWorkUnits/s;0;;
1734188057466;1;1;24000.0;12;pdgf.core.dataGenerator.worker.RowWorker#worker#6;processdWorkUnits;93;processdWorkUnits/s;148;processdWorkUnits;82;processdWorkUnits/s;529;processdWorkUnits;0;processdWorkUnits/s;0;processdWorkUnits;0;processdWorkUnits/s;0;;
1734188057466;1;1;24000.0;12;pdgf.core.dataGenerator.worker.RowWorker#worker#7;processdWorkUnits;78;processdWorkUnits/s;124;processdWorkUnits;122;processdWorkUnits/s;787;processdWorkUnits;0;processdWorkUnits/s;0;processdWorkUnits;0;processdWorkUnits/s;0;;
1734188057466;1;1;24000.0;12;pdgf.core.dataGenerator.worker.RowWorker#worker#8;processdWorkUnits;99;processdWorkUnits/s;157;processdWorkUnits;103;processdWorkUnits/s;691;processdWorkUnits;0;processdWorkUnits/s;0;processdWorkUnits;0;processdWorkUnits/s;0;;
1734188057466;1;1;24000.0;12;pdgf.core.dataGenerator.worker.RowWorker#worker#9;processdWorkUnits;113;processdWorkUnits/s;180;processdWorkUnits;91;processdWorkUnits/s;664;processdWorkUnits;0;processdWorkUnits/s;0;processdWorkUnits;0;processdWorkUnits/s;0;;
1734188057466;1;1;24000.0;12;pdgf.core.dataGenerator.worker.UpdateRowWorker#worker#0;processdWorkUnits;3;processdWorkUnits/s;272;processdWorkUnits;20;processdWorkUnits/s;1176;processdWorkUnits;29668;processdWorkUnits/s;1083;;
1734188057466;1;1;24000.0;12;pdgf.core.dataGenerator.worker.UpdateRowWorker#worker#1;processdWorkUnits;0;processdWorkUnits/s;0;processdWorkUnits;29;processdWorkUnits/s;1705;processdWorkUnits;30092;processdWorkUnits/s;1099;;
1734188057466;1;1;24000.0;12;pdgf.core.dataGenerator.worker.UpdateRowWorker#worker#10;processdWorkUnits;0;processdWorkUnits/s;0;processdWorkUnits;14;processdWorkUnits/s;823;processdWorkUnits;24972;processdWorkUnits/s;912;;
1734188057466;1;1;24000.0;12;pdgf.core.dataGenerator.worker.UpdateRowWorker#worker#11;processdWorkUnits;0;processdWorkUnits/s;0;processdWorkUnits;20;processdWorkUnits/s;1250;processdWorkUnits;23233;processdWorkUnits/s;848;;
1734188057466;1;1;24000.0;12;pdgf.core.dataGenerator.worker.UpdateRowWorker#worker#2;processdWorkUnits;0;processdWorkUnits/s;0;processdWorkUnits;18;processdWorkUnits/s;1000;processdWorkUnits;29273;processdWorkUnits/s;1069;;
1734188057466;1;1;24000.0;12;pdgf.core.dataGenerator.worker.UpdateRowWorker#worker#3;processdWorkUnits;0;processdWorkUnits/s;0;processdWorkUnits;21;processdWorkUnits/s;1312;processdWorkUnits;29303;processdWorkUnits/s;1070;;
1734188057466;1;1;24000.0;12;pdgf.core.dataGenerator.worker.UpdateRowWorker#worker#4;processdWorkUnits;0;processdWorkUnits/s;0;processdWorkUnits;16;processdWorkUnits/s;941;processdWorkUnits;27696;processdWorkUnits/s;1011;;
1734188057466;1;1;24000.0;12;pdgf.core.dataGenerator.worker.UpdateRowWorker#worker#5;processdWorkUnits;0;processdWorkUnits/s;0;processdWorkUnits;26;processdWorkUnits/s;1529;processdWorkUnits;27603;processdWorkUnits/s;1008;;
1734188057466;1;1;24000.0;12;pdgf.core.dataGenerator.worker.UpdateRowWorker#worker#6;processdWorkUnits;0;processdWorkUnits/s;0;processdWorkUnits;20;processdWorkUnits/s;1250;processdWorkUnits;28376;processdWorkUnits/s;1036;;
1734188057466;1;1;24000.0;12;pdgf.core.dataGenerator.worker.UpdateRowWorker#worker#7;processdWorkUnits;0;processdWorkUnits/s;0;processdWorkUnits;27;processdWorkUnits/s;1588;processdWorkUnits;28022;processdWorkUnits/s;1023;;
1734188057466;1;1;24000.0;12;pdgf.core.dataGenerator.worker.UpdateRowWorker#worker#8;processdWorkUnits;0;processdWorkUnits/s;0;processdWorkUnits;15;processdWorkUnits/s;937;processdWorkUnits;27082;processdWorkUnits/s;989;;
1734188057466;1;1;24000.0;12;pdgf.core.dataGenerator.worker.UpdateRowWorker#worker#9;processdWorkUnits;0;processdWorkUnits/s;0;processdWorkUnits;14;processdWorkUnits/s;875;processdWorkUnits;27194;processdWorkUnits/s;993;;
1734188057466;1;1;24000.0;12;tpc.di.scheduler.CustomerMgmtUpdateRowWorker#worker#0;processdWorkUnits;424;processdWorkUnits/s;515;;
1734188057466;1;1;24000.0;12;tpc.di.scheduler.CustomerMgmtUpdateRowWorker#worker#1;processdWorkUnits;410;processdWorkUnits/s;498;;
1734188057466;1;1;24000.0;12;tpc.di.scheduler.CustomerMgmtUpdateRowWorker#worker#10;processdWorkUnits;1;processdWorkUnits/s;1;;
1734188057466;1;1;24000.0;12;tpc.di.scheduler.CustomerMgmtUpdateRowWorker#worker#11;processdWorkUnits;2;processdWorkUnits/s;2;;
1734188057466;1;1;24000.0;12;tpc.di.scheduler.CustomerMgmtUpdateRowWorker#worker#2;processdWorkUnits;351;processdWorkUnits/s;427;;
1734188057466;1;1;24000.0;12;tpc.di.scheduler.CustomerMgmtUpdateRowWorker#worker#3;processdWorkUnits;61;processdWorkUnits/s;74;;
1734188057466;1;1;24000.0;12;tpc.di.scheduler.CustomerMgmtUpdateRowWorker#worker#4;processdWorkUnits;19;processdWorkUnits/s;23;;
1734188057466;1;1;24000.0;12;tpc.di.scheduler.CustomerMgmtUpdateRowWorker#worker#5;processdWorkUnits;16;processdWorkUnits/s;19;;
1734188057466;1;1;24000.0;12;tpc.di.scheduler.CustomerMgmtUpdateRowWorker#worker#6;processdWorkUnits;10;processdWorkUnits/s;12;;
1734188057466;1;1;24000.0;12;tpc.di.scheduler.CustomerMgmtUpdateRowWorker#worker#7;processdWorkUnits;5;processdWorkUnits/s;6;;
1734188057466;1;1;24000.0;12;tpc.di.scheduler.CustomerMgmtUpdateRowWorker#worker#8;processdWorkUnits;4;processdWorkUnits/s;4;;
1734188057466;1;1;24000.0;12;tpc.di.scheduler.CustomerMgmtUpdateRowWorker#worker#9;processdWorkUnits;2;processdWorkUnits/s;2;;
1734188105117;1;1;24000.0;12;ALL;30099;2467680840;78.2 MiB/s;;
1734188105117;1;1;24000.0;12;ALL#worker0;processdWorkUnits;95;processdWorkUnits/s;148;processdWorkUnits;2;processdWorkUnits/s;222;processdWorkUnits;99;processdWorkUnits/s;961;processdWorkUnits;422;processdWorkUnits/s;486;processdWorkUnits;20;processdWorkUnits/s;1176;processdWorkUnits;317;processdWorkUnits/s;414;processdWorkUnits;1;processdWorkUnits/s;1000;processdWorkUnits;30090;processdWorkUnits/s;1090;processdWorkUnits;1;processdWorkUnits/s;500;;
1734188105117;1;1;24000.0;12;ALL#worker1;processdWorkUnits;72;processdWorkUnits/s;112;processdWorkUnits;0;processdWorkUnits/s;0;processdWorkUnits;72;processdWorkUnits/s;699;processdWorkUnits;409;processdWorkUnits/s;471;processdWorkUnits;11;processdWorkUnits/s;647;processdWorkUnits;290;processdWorkUnits/s;378;processdWorkUnits;1;processdWorkUnits/s;1000;processdWorkUnits;29925;processdWorkUnits/s;1084;processdWorkUnits;0;processdWorkUnits/s;0;;
1734188105117;1;1;24000.0;12;ALL#worker10;processdWorkUnits;114;processdWorkUnits/s;178;processdWorkUnits;1;processdWorkUnits/s;125;processdWorkUnits;122;processdWorkUnits/s;1207;processdWorkUnits;1;processdWorkUnits/s;1;processdWorkUnits;15;processdWorkUnits/s;1071;processdWorkUnits;288;processdWorkUnits/s;377;processdWorkUnits;0;processdWorkUnits/s;0;processdWorkUnits;24764;processdWorkUnits/s;897;processdWorkUnits;0;processdWorkUnits/s;0;;
1734188105117;1;1;24000.0;12;ALL#worker11;processdWorkUnits;79;processdWorkUnits/s;123;processdWorkUnits;0;processdWorkUnits/s;0;processdWorkUnits;82;processdWorkUnits/s;820;processdWorkUnits;0;processdWorkUnits/s;0;processdWorkUnits;23;processdWorkUnits/s;1642;processdWorkUnits;294;processdWorkUnits/s;385;processdWorkUnits;0;processdWorkUnits/s;0;processdWorkUnits;23179;processdWorkUnits/s;840;processdWorkUnits;0;processdWorkUnits/s;0;;
1734188105117;1;1;24000.0;12;ALL#worker2;processdWorkUnits;73;processdWorkUnits/s;113;processdWorkUnits;0;processdWorkUnits/s;0;processdWorkUnits;106;processdWorkUnits/s;1029;processdWorkUnits;334;processdWorkUnits/s;385;processdWorkUnits;26;processdWorkUnits/s;1529;processdWorkUnits;314;processdWorkUnits/s;411;processdWorkUnits;0;processdWorkUnits/s;0;processdWorkUnits;29139;processdWorkUnits/s;1056;processdWorkUnits;0;processdWorkUnits/s;0;;
1734188105117;1;1;24000.0;12;ALL#worker3;processdWorkUnits;108;processdWorkUnits/s;168;processdWorkUnits;0;processdWorkUnits/s;0;processdWorkUnits;113;processdWorkUnits/s;1097;processdWorkUnits;64;processdWorkUnits/s;73;processdWorkUnits;19;processdWorkUnits/s;1117;processdWorkUnits;286;processdWorkUnits/s;374;processdWorkUnits;0;processdWorkUnits/s;0;processdWorkUnits;29614;processdWorkUnits/s;1073;processdWorkUnits;0;processdWorkUnits/s;0;;
1734188105117;1;1;24000.0;12;ALL#worker4;processdWorkUnits;108;processdWorkUnits/s;168;processdWorkUnits;0;processdWorkUnits/s;0;processdWorkUnits;117;processdWorkUnits/s;1135;processdWorkUnits;31;processdWorkUnits/s;35;processdWorkUnits;24;processdWorkUnits/s;1500;processdWorkUnits;325;processdWorkUnits/s;424;processdWorkUnits;0;processdWorkUnits/s;0;processdWorkUnits;27503;processdWorkUnits/s;996;processdWorkUnits;0;processdWorkUnits/s;0;;
1734188105117;1;1;24000.0;12;ALL#worker5;processdWorkUnits;97;processdWorkUnits/s;151;processdWorkUnits;0;processdWorkUnits/s;0;processdWorkUnits;102;processdWorkUnits/s;990;processdWorkUnits;19;processdWorkUnits/s;21;processdWorkUnits;28;processdWorkUnits/s;1647;processdWorkUnits;308;processdWorkUnits/s;402;processdWorkUnits;0;processdWorkUnits/s;0;processdWorkUnits;27407;processdWorkUnits/s;993;processdWorkUnits;0;processdWorkUnits/s;0;;
1734188105117;1;1;24000.0;12;ALL#worker6;processdWorkUnits;102;processdWorkUnits/s;159;processdWorkUnits;0;processdWorkUnits/s;0;processdWorkUnits;116;processdWorkUnits/s;1126;processdWorkUnits;16;processdWorkUnits/s;18;processdWorkUnits;43;processdWorkUnits/s;2687;processdWorkUnits;305;processdWorkUnits/s;398;processdWorkUnits;0;processdWorkUnits/s;0;processdWorkUnits;28588;processdWorkUnits/s;1036;processdWorkUnits;0;processdWorkUnits/s;0;;
1734188105117;1;1;24000.0;12;ALL#worker7;processdWorkUnits;71;processdWorkUnits/s;110;processdWorkUnits;0;processdWorkUnits/s;0;processdWorkUnits;97;processdWorkUnits/s;960;processdWorkUnits;2;processdWorkUnits/s;2;processdWorkUnits;13;processdWorkUnits/s;928;processdWorkUnits;281;processdWorkUnits/s;367;processdWorkUnits;0;processdWorkUnits/s;0;processdWorkUnits;27946;processdWorkUnits/s;1013;processdWorkUnits;0;processdWorkUnits/s;0;;
1734188105117;1;1;24000.0;12;ALL#worker8;processdWorkUnits;86;processdWorkUnits/s;134;processdWorkUnits;0;processdWorkUnits/s;0;processdWorkUnits;84;processdWorkUnits/s;831;processdWorkUnits;7;processdWorkUnits/s;8;processdWorkUnits;10;processdWorkUnits/s;588;processdWorkUnits;301;processdWorkUnits/s;393;processdWorkUnits;0;processdWorkUnits/s;0;processdWorkUnits;27273;processdWorkUnits/s;988;processdWorkUnits;0;processdWorkUnits/s;0;;
1734188105117;1;1;24000.0;12;ALL#worker9;processdWorkUnits;124;processdWorkUnits/s;193;processdWorkUnits;0;processdWorkUnits/s;0;processdWorkUnits;90;processdWorkUnits/s;891;processdWorkUnits;0;processdWorkUnits/s;0;processdWorkUnits;8;processdWorkUnits/s;571;processdWorkUnits;288;processdWorkUnits/s;376;processdWorkUnits;0;processdWorkUnits/s;0;processdWorkUnits;27086;processdWorkUnits/s;981;processdWorkUnits;0;processdWorkUnits/s;0;;
1734188105117;1;1;24000.0;12;Account;10;35919;3.4 MiB/s;;
1734188105117;1;1;24000.0;12;BatchDate;14;88;6.1 KiB/s;;
1734188105117;1;1;24000.0;12;Customer;12;50809;4.0 MiB/s;;
1734188105117;1;1;24000.0;12;CustomerMgmt;873;74812603;81.7 MiB/s;;
1734188105117;1;1;24000.0;12;DailyMarket;10060;780477127;74.0 MiB/s;;
1734188105117;1;1;24000.0;12;Date;409;3501650;8.2 MiB/s;409;3501650;8.2 MiB/s;;
1734188105117;1;1;24000.0;12;FINWIRE;2752;267537079;92.7 MiB/s;;
1734188105117;1;1;24000.0;12;HR;110;9797161;84.9 MiB/s;110;9797161;84.9 MiB/s;;
1734188105117;1;1;24000.0;12;Industry;7;2732;381.1 KiB/s;7;2732;381.1 KiB/s;;
1734188105117;1;1;24000.0;12;Prospect;770;75257548;93.2 MiB/s;;
1734188105117;1;1;24000.0;12;RecordsBatch#1;38842886;;
1734188105117;1;1;24000.0;12;RecordsBatch#2;162844;;
1734188105117;1;1;24000.0;12;RecordsBatch#3;162628;;
1734188105117;1;1;24000.0;12;RecordsBatch#ALL;39168358;1301274;records/second;;
1734188105117;1;1;24000.0;12;StatusType;10;3730;364.3 KiB/s;10;3730;364.3 KiB/s;;
1734188105117;1;1;24000.0;12;TaxRate;7;17091;2.3 MiB/s;7;17091;2.3 MiB/s;;
1734188105117;1;1;24000.0;12;Time;217;4782598;21.0 MiB/s;217;4782598;21.0 MiB/s;;
1734188105117;1;1;24000.0;12;TradeSource;10972;909843044;79.1 MiB/s;;
1734188105117;1;1;24000.0;12;WatchHistory;3810;341561562;85.5 MiB/s;;
1734188105117;1;1;24000.0;12;pdgf.core.dataGenerator.worker.DbDumpRowWorker#worker#0;processdWorkUnits;317;processdWorkUnits/s;414;;
1734188105117;1;1;24000.0;12;pdgf.core.dataGenerator.worker.DbDumpRowWorker#worker#1;processdWorkUnits;290;processdWorkUnits/s;378;;
1734188105117;1;1;24000.0;12;pdgf.core.dataGenerator.worker.DbDumpRowWorker#worker#10;processdWorkUnits;288;processdWorkUnits/s;377;;
1734188105117;1;1;24000.0;12;pdgf.core.dataGenerator.worker.DbDumpRowWorker#worker#11;processdWorkUnits;294;processdWorkUnits/s;385;;
1734188105117;1;1;24000.0;12;pdgf.core.dataGenerator.worker.DbDumpRowWorker#worker#2;processdWorkUnits;314;processdWorkUnits/s;411;;
1734188105117;1;1;24000.0;12;pdgf.core.dataGenerator.worker.DbDumpRowWorker#worker#3;processdWorkUnits;286;processdWorkUnits/s;374;;
1734188105117;1;1;24000.0;12;pdgf.core.dataGenerator.worker.DbDumpRowWorker#worker#4;processdWorkUnits;325;processdWorkUnits/s;424;;
1734188105117;1;1;24000.0;12;pdgf.core.dataGenerator.worker.DbDumpRowWorker#worker#5;processdWorkUnits;308;processdWorkUnits/s;402;;
1734188105117;1;1;24000.0;12;pdgf.core.dataGenerator.worker.DbDumpRowWorker#worker#6;processdWorkUnits;305;processdWorkUnits/s;398;;
1734188105117;1;1;24000.0;12;pdgf.core.dataGenerator.worker.DbDumpRowWorker#worker#7;processdWorkUnits;281;processdWorkUnits/s;367;;
1734188105117;1;1;24000.0;12;pdgf.core.dataGenerator.worker.DbDumpRowWorker#worker#8;processdWorkUnits;301;processdWorkUnits/s;393;;
1734188105117;1;1;24000.0;12;pdgf.core.dataGenerator.worker.DbDumpRowWorker#worker#9;processdWorkUnits;288;processdWorkUnits/s;376;;
1734188105117;1;1;24000.0;12;pdgf.core.dataGenerator.worker.RowWorker#worker#0;processdWorkUnits;95;processdWorkUnits/s;148;processdWorkUnits;99;processdWorkUnits/s;961;processdWorkUnits;1;processdWorkUnits/s;1000;processdWorkUnits;1;processdWorkUnits/s;500;;
1734188105117;1;1;24000.0;12;pdgf.core.dataGenerator.worker.RowWorker#worker#1;processdWorkUnits;72;processdWorkUnits/s;112;processdWorkUnits;72;processdWorkUnits/s;699;processdWorkUnits;1;processdWorkUnits/s;1000;processdWorkUnits;0;processdWorkUnits/s;0;;
1734188105117;1;1;24000.0;12;pdgf.core.dataGenerator.worker.RowWorker#worker#10;processdWorkUnits;114;processdWorkUnits/s;178;processdWorkUnits;122;processdWorkUnits/s;1207;processdWorkUnits;0;processdWorkUnits/s;0;processdWorkUnits;0;processdWorkUnits/s;0;;
1734188105117;1;1;24000.0;12;pdgf.core.dataGenerator.worker.RowWorker#worker#11;processdWorkUnits;79;processdWorkUnits/s;123;processdWorkUnits;82;processdWorkUnits/s;820;processdWorkUnits;0;processdWorkUnits/s;0;processdWorkUnits;0;processdWorkUnits/s;0;;
1734188105117;1;1;24000.0;12;pdgf.core.dataGenerator.worker.RowWorker#worker#2;processdWorkUnits;73;processdWorkUnits/s;113;processdWorkUnits;106;processdWorkUnits/s;1029;processdWorkUnits;0;processdWorkUnits/s;0;processdWorkUnits;0;processdWorkUnits/s;0;;
1734188105117;1;1;24000.0;12;pdgf.core.dataGenerator.worker.RowWorker#worker#3;processdWorkUnits;108;processdWorkUnits/s;168;processdWorkUnits;113;processdWorkUnits/s;1097;processdWorkUnits;0;processdWorkUnits/s;0;processdWorkUnits;0;processdWorkUnits/s;0;;
1734188105117;1;1;24000.0;12;pdgf.core.dataGenerator.worker.RowWorker#worker#4;processdWorkUnits;108;processdWorkUnits/s;168;processdWorkUnits;117;processdWorkUnits/s;1135;processdWorkUnits;0;processdWorkUnits/s;0;processdWorkUnits;0;processdWorkUnits/s;0;;
1734188105117;1;1;24000.0;12;pdgf.core.dataGenerator.worker.RowWorker#worker#5;processdWorkUnits;97;processdWorkUnits/s;151;processdWorkUnits;102;processdWorkUnits/s;990;processdWorkUnits;0;processdWorkUnits/s;0;processdWorkUnits;0;processdWorkUnits/s;0;;
1734188105117;1;1;24000.0;12;pdgf.core.dataGenerator.worker.RowWorker#worker#6;processdWorkUnits;102;processdWorkUnits/s;159;processdWorkUnits;116;processdWorkUnits/s;1126;processdWorkUnits;0;processdWorkUnits/s;0;processdWorkUnits;0;processdWorkUnits/s;0;;
1734188105117;1;1;24000.0;12;pdgf.core.dataGenerator.worker.RowWorker#worker#7;processdWorkUnits;71;processdWorkUnits/s;110;processdWorkUnits;97;processdWorkUnits/s;960;processdWorkUnits;0;processdWorkUnits/s;0;processdWorkUnits;0;processdWorkUnits/s;0;;
1734188105117;1;1;24000.0;12;pdgf.core.dataGenerator.worker.RowWorker#worker#8;processdWorkUnits;86;processdWorkUnits/s;134;processdWorkUnits;84;processdWorkUnits/s;831;processdWorkUnits;0;processdWorkUnits/s;0;processdWorkUnits;0;processdWorkUnits/s;0;;
1734188105117;1;1;24000.0;12;pdgf.core.dataGenerator.worker.RowWorker#worker#9;processdWorkUnits;124;processdWorkUnits/s;193;processdWorkUnits;90;processdWorkUnits/s;891;processdWorkUnits;0;processdWorkUnits/s;0;processdWorkUnits;0;processdWorkUnits/s;0;;
1734188105117;1;1;24000.0;12;pdgf.core.dataGenerator.worker.UpdateRowWorker#worker#0;processdWorkUnits;2;processdWorkUnits/s;222;processdWorkUnits;20;processdWorkUnits/s;1176;processdWorkUnits;30090;processdWorkUnits/s;1090;;
1734188105117;1;1;24000.0;12;pdgf.core.dataGenerator.worker.UpdateRowWorker#worker#1;processdWorkUnits;0;processdWorkUnits/s;0;processdWorkUnits;11;processdWorkUnits/s;647;processdWorkUnits;29925;processdWorkUnits/s;1084;;
1734188105117;1;1;24000.0;12;pdgf.core.dataGenerator.worker.UpdateRowWorker#worker#10;processdWorkUnits;1;processdWorkUnits/s;125;processdWorkUnits;15;processdWorkUnits/s;1071;processdWorkUnits;24764;processdWorkUnits/s;897;;
1734188105117;1;1;24000.0;12;pdgf.core.dataGenerator.worker.UpdateRowWorker#worker#11;processdWorkUnits;0;processdWorkUnits/s;0;processdWorkUnits;23;processdWorkUnits/s;1642;processdWorkUnits;23179;processdWorkUnits/s;840;;
1734188105117;1;1;24000.0;12;pdgf.core.dataGenerator.worker.UpdateRowWorker#worker#2;processdWorkUnits;0;processdWorkUnits/s;0;processdWorkUnits;26;processdWorkUnits/s;1529;processdWorkUnits;29139;processdWorkUnits/s;1056;;
1734188105117;1;1;24000.0;12;pdgf.core.dataGenerator.worker.UpdateRowWorker#worker#3;processdWorkUnits;0;processdWorkUnits/s;0;processdWorkUnits;19;processdWorkUnits/s;1117;processdWorkUnits;29614;processdWorkUnits/s;1073;;
1734188105117;1;1;24000.0;12;pdgf.core.dataGenerator.worker.UpdateRowWorker#worker#4;processdWorkUnits;0;processdWorkUnits/s;0;processdWorkUnits;24;processdWorkUnits/s;1500;processdWorkUnits;27503;processdWorkUnits/s;996;;
1734188105117;1;1;24000.0;12;pdgf.core.dataGenerator.worker.UpdateRowWorker#worker#5;processdWorkUnits;0;processdWorkUnits/s;0;processdWorkUnits;28;processdWorkUnits/s;1647;processdWorkUnits;27407;processdWorkUnits/s;993;;
1734188105117;1;1;24000.0;12;pdgf.core.dataGenerator.worker.UpdateRowWorker#worker#6;processdWorkUnits;0;processdWorkUnits/s;0;processdWorkUnits;43;processdWorkUnits/s;2687;processdWorkUnits;28588;processdWorkUnits/s;1036;;
1734188105117;1;1;24000.0;12;pdgf.core.dataGenerator.worker.UpdateRowWorker#worker#7;processdWorkUnits;0;processdWorkUnits/s;0;processdWorkUnits;13;processdWorkUnits/s;928;processdWorkUnits;27946;processdWorkUnits/s;1013;;
1734188105117;1;1;24000.0;12;pdgf.core.dataGenerator.worker.UpdateRowWorker#worker#8;processdWorkUnits;0;processdWorkUnits/s;0;processdWorkUnits;10;processdWorkUnits/s;588;processdWorkUnits;27273;processdWorkUnits/s;988;;
1734188105117;1;1;24000.0;12;pdgf.core.dataGenerator.worker.UpdateRowWorker#worker#9;processdWorkUnits;0;processdWorkUnits/s;0;processdWorkUnits;8;processdWorkUnits/s;571;processdWorkUnits;27086;processdWorkUnits/s;981;;
1734188105117;1;1;24000.0;12;tpc.di.scheduler.CustomerMgmtUpdateRowWorker#worker#0;processdWorkUnits;422;processdWorkUnits/s;486;;
1734188105117;1;1;24000.0;12;tpc.di.scheduler.CustomerMgmtUpdateRowWorker#worker#1;processdWorkUnits;409;processdWorkUnits/s;471;;
1734188105117;1;1;24000.0;12;tpc.di.scheduler.CustomerMgmtUpdateRowWorker#worker#10;processdWorkUnits;1;processdWorkUnits/s;1;;
1734188105117;1;1;24000.0;12;tpc.di.scheduler.CustomerMgmtUpdateRowWorker#worker#11;processdWorkUnits;0;processdWorkUnits/s;0;;
1734188105117;1;1;24000.0;12;tpc.di.scheduler.CustomerMgmtUpdateRowWorker#worker#2;processdWorkUnits;334;processdWorkUnits/s;385;;
1734188105117;1;1;24000.0;12;tpc.di.scheduler.CustomerMgmtUpdateRowWorker#worker#3;processdWorkUnits;64;processdWorkUnits/s;73;;
1734188105117;1;1;24000.0;12;tpc.di.scheduler.CustomerMgmtUpdateRowWorker#worker#4;processdWorkUnits;31;processdWorkUnits/s;35;;
1734188105117;1;1;24000.0;12;tpc.di.scheduler.CustomerMgmtUpdateRowWorker#worker#5;processdWorkUnits;19;processdWorkUnits/s;21;;
1734188105117;1;1;24000.0;12;tpc.di.scheduler.CustomerMgmtUpdateRowWorker#worker#6;processdWorkUnits;16;processdWorkUnits/s;18;;
1734188105117;1;1;24000.0;12;tpc.di.scheduler.CustomerMgmtUpdateRowWorker#worker#7;processdWorkUnits;2;processdWorkUnits/s;2;;
1734188105117;1;1;24000.0;12;tpc.di.scheduler.CustomerMgmtUpdateRowWorker#worker#8;processdWorkUnits;7;processdWorkUnits/s;8;;
1734188105117;1;1;24000.0;12;tpc.di.scheduler.CustomerMgmtUpdateRowWorker#worker#9;processdWorkUnits;0;processdWorkUnits/s;0;;
1734188129946;1;1;12000.0;12;ALL;17992;1215018003;64.4 MiB/s;;
1734188129946;1;1;12000.0;12;ALL#worker0;processdWorkUnits;96;processdWorkUnits/s;168;processdWorkUnits;2;processdWorkUnits/s;333;processdWorkUnits;50;processdWorkUnits/s;684;processdWorkUnits;411;processdWorkUnits/s;598;processdWorkUnits;22;processdWorkUnits/s;1157;processdWorkUnits;179;processdWorkUnits/s;419;processdWorkUnits;1;processdWorkUnits/s;1000;processdWorkUnits;21046;processdWorkUnits/s;1304;processdWorkUnits;1;processdWorkUnits/s;500;;
1734188129946;1;1;12000.0;12;ALL#worker1;processdWorkUnits;94;processdWorkUnits/s;164;processdWorkUnits;0;processdWorkUnits/s;0;processdWorkUnits;74;processdWorkUnits/s;1013;processdWorkUnits;335;processdWorkUnits/s;487;processdWorkUnits;29;processdWorkUnits/s;1526;processdWorkUnits;160;processdWorkUnits/s;374;processdWorkUnits;0;processdWorkUnits/s;0;processdWorkUnits;21241;processdWorkUnits/s;1316;processdWorkUnits;0;processdWorkUnits/s;0;;
1734188129946;1;1;12000.0;12;ALL#worker10;processdWorkUnits;98;processdWorkUnits/s;171;processdWorkUnits;1;processdWorkUnits/s;166;processdWorkUnits;29;processdWorkUnits/s;426;processdWorkUnits;1;processdWorkUnits/s;1;processdWorkUnits;12;processdWorkUnits/s;750;processdWorkUnits;153;processdWorkUnits/s;360;processdWorkUnits;0;processdWorkUnits/s;0;processdWorkUnits;14540;processdWorkUnits/s;901;processdWorkUnits;0;processdWorkUnits/s;0;;
1734188129946;1;1;12000.0;12;ALL#worker11;processdWorkUnits;98;processdWorkUnits/s;172;processdWorkUnits;0;processdWorkUnits/s;0;processdWorkUnits;43;processdWorkUnits/s;693;processdWorkUnits;0;processdWorkUnits/s;0;processdWorkUnits;17;processdWorkUnits/s;944;processdWorkUnits;162;processdWorkUnits/s;379;processdWorkUnits;0;processdWorkUnits/s;0;processdWorkUnits;11397;processdWorkUnits/s;706;processdWorkUnits;0;processdWorkUnits/s;0;;
1734188129946;1;1;12000.0;12;ALL#worker2;processdWorkUnits;83;processdWorkUnits/s;145;processdWorkUnits;0;processdWorkUnits/s;0;processdWorkUnits;56;processdWorkUnits/s;767;processdWorkUnits;85;processdWorkUnits/s;123;processdWorkUnits;27;processdWorkUnits/s;1421;processdWorkUnits;146;processdWorkUnits/s;341;processdWorkUnits;1;processdWorkUnits/s;1000;processdWorkUnits;20513;processdWorkUnits/s;1271;processdWorkUnits;0;processdWorkUnits/s;0;;
1734188129946;1;1;12000.0;12;ALL#worker3;processdWorkUnits;115;processdWorkUnits/s;202;processdWorkUnits;0;processdWorkUnits/s;0;processdWorkUnits;39;processdWorkUnits/s;541;processdWorkUnits;20;processdWorkUnits/s;29;processdWorkUnits;31;processdWorkUnits/s;1631;processdWorkUnits;129;processdWorkUnits/s;302;processdWorkUnits;0;processdWorkUnits/s;0;processdWorkUnits;20477;processdWorkUnits/s;1269;processdWorkUnits;0;processdWorkUnits/s;0;;
1734188129946;1;1;12000.0;12;ALL#worker4;processdWorkUnits;79;processdWorkUnits/s;138;processdWorkUnits;0;processdWorkUnits/s;0;processdWorkUnits;40;processdWorkUnits/s;555;processdWorkUnits;10;processdWorkUnits/s;14;processdWorkUnits;18;processdWorkUnits/s;1000;processdWorkUnits;171;processdWorkUnits/s;400;processdWorkUnits;0;processdWorkUnits/s;0;processdWorkUnits;19681;processdWorkUnits/s;1220;processdWorkUnits;0;processdWorkUnits/s;0;;
1734188129946;1;1;12000.0;12;ALL#worker5;processdWorkUnits;97;processdWorkUnits/s;170;processdWorkUnits;0;processdWorkUnits/s;0;processdWorkUnits;42;processdWorkUnits/s;583;processdWorkUnits;2;processdWorkUnits/s;2;processdWorkUnits;33;processdWorkUnits/s;1833;processdWorkUnits;154;processdWorkUnits/s;363;processdWorkUnits;0;processdWorkUnits/s;0;processdWorkUnits;19830;processdWorkUnits/s;1229;processdWorkUnits;0;processdWorkUnits/s;0;;
1734188129946;1;1;12000.0;12;ALL#worker6;processdWorkUnits;96;processdWorkUnits/s;168;processdWorkUnits;0;processdWorkUnits/s;0;processdWorkUnits;57;processdWorkUnits/s;791;processdWorkUnits;3;processdWorkUnits/s;4;processdWorkUnits;23;processdWorkUnits/s;1277;processdWorkUnits;150;processdWorkUnits/s;351;processdWorkUnits;0;processdWorkUnits/s;0;processdWorkUnits;20484;processdWorkUnits/s;1269;processdWorkUnits;0;processdWorkUnits/s;0;;
1734188129946;1;1;12000.0;12;ALL#worker7;processdWorkUnits;68;processdWorkUnits/s;119;processdWorkUnits;0;processdWorkUnits/s;0;processdWorkUnits;60;processdWorkUnits/s;833;processdWorkUnits;1;processdWorkUnits/s;1;processdWorkUnits;12;processdWorkUnits/s;750;processdWorkUnits;145;processdWorkUnits/s;339;processdWorkUnits;0;processdWorkUnits/s;0;processdWorkUnits;19932;processdWorkUnits/s;1235;processdWorkUnits;0;processdWorkUnits/s;0;;
1734188129946;1;1;12000.0;12;ALL#worker8;processdWorkUnits;96;processdWorkUnits/s;168;processdWorkUnits;0;processdWorkUnits/s;0;processdWorkUnits;62;processdWorkUnits/s;861;processdWorkUnits;1;processdWorkUnits/s;1;processdWorkUnits;11;processdWorkUnits/s;611;processdWorkUnits;118;processdWorkUnits/s;276;processdWorkUnits;0;processdWorkUnits/s;0;processdWorkUnits;18389;processdWorkUnits/s;1140;processdWorkUnits;0;processdWorkUnits/s;0;;
1734188129946;1;1;12000.0;12;ALL#worker9;processdWorkUnits;109;processdWorkUnits/s;191;processdWorkUnits;0;processdWorkUnits/s;0;processdWorkUnits;48;processdWorkUnits/s;666;processdWorkUnits;1;processdWorkUnits/s;1;processdWorkUnits;5;processdWorkUnits/s;312;processdWorkUnits;133;processdWorkUnits/s;312;processdWorkUnits;0;processdWorkUnits/s;0;processdWorkUnits;17448;processdWorkUnits/s;1081;processdWorkUnits;0;processdWorkUnits/s;0;;
1734188129946;1;1;12000.0;12;Account;10;17620;1.7 MiB/s;;
1734188129946;1;1;12000.0;12;BatchDate;10;88;8.6 KiB/s;;
1734188129946;1;1;12000.0;12;Customer;13;25659;1.9 MiB/s;;
1734188129946;1;1;12000.0;12;CustomerMgmt;692;37369733;51.5 MiB/s;;
1734188129946;1;1;12000.0;12;DailyMarket;5199;377667539;69.3 MiB/s;;
1734188129946;1;1;12000.0;12;Date;346;3501650;9.7 MiB/s;346;3501650;9.7 MiB/s;;
1734188129946;1;1;12000.0;12;FINWIRE;1666;129278661;74.0 MiB/s;;
1734188129946;1;1;12000.0;12;HR;81;4867472;57.3 MiB/s;81;4867472;57.3 MiB/s;;
1734188129946;1;1;12000.0;12;Industry;4;2732;667.0 KiB/s;4;2732;667.0 KiB/s;;
1734188129946;1;1;12000.0;12;Prospect;432;37598518;83.0 MiB/s;;
1734188129946;1;1;12000.0;12;RecordsBatch#1;19242651;;
1734188129946;1;1;12000.0;12;RecordsBatch#2;81117;;
1734188129946;1;1;12000.0;12;RecordsBatch#3;81095;;
1734188129946;1;1;12000.0;12;RecordsBatch#ALL;19404863;1078467;records/second;;
1734188129946;1;1;12000.0;12;StatusType;9;3728;404.5 KiB/s;9;3728;404.5 KiB/s;;
1734188129946;1;1;12000.0;12;TaxRate;5;17091;3.3 MiB/s;5;17091;3.3 MiB/s;;
1734188129946;1;1;12000.0;12;Time;212;4782598;21.5 MiB/s;212;4782598;21.5 MiB/s;;
1734188129946;1;1;12000.0;12;TradeSource;6904;450345589;62.2 MiB/s;;
1734188129946;1;1;12000.0;12;WatchHistory;2367;169539226;68.3 MiB/s;;
1734188129946;1;1;12000.0;12;pdgf.core.dataGenerator.worker.DbDumpRowWorker#worker#0;processdWorkUnits;179;processdWorkUnits/s;419;;
1734188129946;1;1;12000.0;12;pdgf.core.dataGenerator.worker.DbDumpRowWorker#worker#1;processdWorkUnits;160;processdWorkUnits/s;374;;
1734188129946;1;1;12000.0;12;pdgf.core.dataGenerator.worker.DbDumpRowWorker#worker#10;processdWorkUnits;153;processdWorkUnits/s;360;;
1734188129946;1;1;12000.0;12;pdgf.core.dataGenerator.worker.DbDumpRowWorker#worker#11;processdWorkUnits;162;processdWorkUnits/s;379;;
1734188129946;1;1;12000.0;12;pdgf.core.dataGenerator.worker.DbDumpRowWorker#worker#2;processdWorkUnits;146;processdWorkUnits/s;341;;
1734188129946;1;1;12000.0;12;pdgf.core.dataGenerator.worker.DbDumpRowWorker#worker#3;processdWorkUnits;129;processdWorkUnits/s;302;;
1734188129946;1;1;12000.0;12;pdgf.core.dataGenerator.worker.DbDumpRowWorker#worker#4;processdWorkUnits;171;processdWorkUnits/s;400;;
1734188129946;1;1;12000.0;12;pdgf.core.dataGenerator.worker.DbDumpRowWorker#worker#5;processdWorkUnits;154;processdWorkUnits/s;363;;
1734188129946;1;1;12000.0;12;pdgf.core.dataGenerator.worker.DbDumpRowWorker#worker#6;processdWorkUnits;150;processdWorkUnits/s;351;;
1734188129946;1;1;12000.0;12;pdgf.core.dataGenerator.worker.DbDumpRowWorker#worker#7;processdWorkUnits;145;processdWorkUnits/s;339;;
1734188129946;1;1;12000.0;12;pdgf.core.dataGenerator.worker.DbDumpRowWorker#worker#8;processdWorkUnits;118;processdWorkUnits/s;276;;
1734188129946;1;1;12000.0;12;pdgf.core.dataGenerator.worker.DbDumpRowWorker#worker#9;processdWorkUnits;133;processdWorkUnits/s;312;;
1734188129946;1;1;12000.0;12;pdgf.core.dataGenerator.worker.RowWorker#worker#0;processdWorkUnits;96;processdWorkUnits/s;168;processdWorkUnits;50;processdWorkUnits/s;684;processdWorkUnits;1;processdWorkUnits/s;1000;processdWorkUnits;1;processdWorkUnits/s;500;;
1734188129946;1;1;12000.0;12;pdgf.core.dataGenerator.worker.RowWorker#worker#1;processdWorkUnits;94;processdWorkUnits/s;164;processdWorkUnits;74;processdWorkUnits/s;1013;processdWorkUnits;0;processdWorkUnits/s;0;processdWorkUnits;0;processdWorkUnits/s;0;;
1734188129946;1;1;12000.0;12;pdgf.core.dataGenerator.worker.RowWorker#worker#10;processdWorkUnits;98;processdWorkUnits/s;171;processdWorkUnits;29;processdWorkUnits/s;426;processdWorkUnits;0;processdWorkUnits/s;0;processdWorkUnits;0;processdWorkUnits/s;0;;
1734188129946;1;1;12000.0;12;pdgf.core.dataGenerator.worker.RowWorker#worker#11;processdWorkUnits;98;processdWorkUnits/s;172;processdWorkUnits;43;processdWorkUnits/s;693;processdWorkUnits;0;processdWorkUnits/s;0;processdWorkUnits;0;processdWorkUnits/s;0;;
1734188129946;1;1;12000.0;12;pdgf.core.dataGenerator.worker.RowWorker#worker#2;processdWorkUnits;83;processdWorkUnits/s;145;processdWorkUnits;56;processdWorkUnits/s;767;processdWorkUnits;1;processdWorkUnits/s;1000;processdWorkUnits;0;processdWorkUnits/s;0;;
1734188129946;1;1;12000.0;12;pdgf.core.dataGenerator.worker.RowWorker#worker#3;processdWorkUnits;115;processdWorkUnits/s;202;processdWorkUnits;39;processdWorkUnits/s;541;processdWorkUnits;0;processdWorkUnits/s;0;processdWorkUnits;0;processdWorkUnits/s;0;;
1734188129946;1;1;12000.0;12;pdgf.core.dataGenerator.worker.RowWorker#worker#4;processdWorkUnits;79;processdWorkUnits/s;138;processdWorkUnits;40;processdWorkUnits/s;555;processdWorkUnits;0;processdWorkUnits/s;0;processdWorkUnits;0;processdWorkUnits/s;0;;
1734188129946;1;1;12000.0;12;pdgf.core.dataGenerator.worker.RowWorker#worker#5;processdWorkUnits;97;processdWorkUnits/s;170;processdWorkUnits;42;processdWorkUnits/s;583;processdWorkUnits;0;processdWorkUnits/s;0;processdWorkUnits;0;processdWorkUnits/s;0;;
1734188129946;1;1;12000.0;12;pdgf.core.dataGenerator.worker.RowWorker#worker#6;processdWorkUnits;96;processdWorkUnits/s;168;processdWorkUnits;57;processdWorkUnits/s;791;processdWorkUnits;0;processdWorkUnits/s;0;processdWorkUnits;0;processdWorkUnits/s;0;;
1734188129946;1;1;12000.0;12;pdgf.core.dataGenerator.worker.RowWorker#worker#7;processdWorkUnits;68;processdWorkUnits/s;119;processdWorkUnits;60;processdWorkUnits/s;833;processdWorkUnits;0;processdWorkUnits/s;0;processdWorkUnits;0;processdWorkUnits/s;0;;
1734188129946;1;1;12000.0;12;pdgf.core.dataGenerator.worker.RowWorker#worker#8;processdWorkUnits;96;processdWorkUnits/s;168;processdWorkUnits;62;processdWorkUnits/s;861;processdWorkUnits;0;processdWorkUnits/s;0;processdWorkUnits;0;processdWorkUnits/s;0;;
1734188129946;1;1;12000.0;12;pdgf.core.dataGenerator.worker.RowWorker#worker#9;processdWorkUnits;109;processdWorkUnits/s;191;processdWorkUnits;48;processdWorkUnits/s;666;processdWorkUnits;0;processdWorkUnits/s;0;processdWorkUnits;0;processdWorkUnits/s;0;;
1734188129946;1;1;12000.0;12;pdgf.core.dataGenerator.worker.UpdateRowWorker#worker#0;processdWorkUnits;2;processdWorkUnits/s;333;processdWorkUnits;22;processdWorkUnits/s;1157;processdWorkUnits;21046;processdWorkUnits/s;1304;;
1734188129946;1;1;12000.0;12;pdgf.core.dataGenerator.worker.UpdateRowWorker#worker#1;processdWorkUnits;0;processdWorkUnits/s;0;processdWorkUnits;29;processdWorkUnits/s;1526;processdWorkUnits;21241;processdWorkUnits/s;1316;;
1734188129946;1;1;12000.0;12;pdgf.core.dataGenerator.worker.UpdateRowWorker#worker#10;processdWorkUnits;1;processdWorkUnits/s;166;processdWorkUnits;12;processdWorkUnits/s;750;processdWorkUnits;14540;processdWorkUnits/s;901;;
1734188129946;1;1;12000.0;12;pdgf.core.dataGenerator.worker.UpdateRowWorker#worker#11;processdWorkUnits;0;processdWorkUnits/s;0;processdWorkUnits;17;processdWorkUnits/s;944;processdWorkUnits;11397;processdWorkUnits/s;706;;
1734188129946;1;1;12000.0;12;pdgf.core.dataGenerator.worker.UpdateRowWorker#worker#2;processdWorkUnits;0;processdWorkUnits/s;0;processdWorkUnits;27;processdWorkUnits/s;1421;processdWorkUnits;20513;processdWorkUnits/s;1271;;
1734188129946;1;1;12000.0;12;pdgf.core.dataGenerator.worker.UpdateRowWorker#worker#3;processdWorkUnits;0;processdWorkUnits/s;0;processdWorkUnits;31;processdWorkUnits/s;1631;processdWorkUnits;20477;processdWorkUnits/s;1269;;
1734188129946;1;1;12000.0;12;pdgf.core.dataGenerator.worker.UpdateRowWorker#worker#4;processdWorkUnits;0;processdWorkUnits/s;0;processdWorkUnits;18;processdWorkUnits/s;1000;processdWorkUnits;19681;processdWorkUnits/s;1220;;
1734188129946;1;1;12000.0;12;pdgf.core.dataGenerator.worker.UpdateRowWorker#worker#5;processdWorkUnits;0;processdWorkUnits/s;0;processdWorkUnits;33;processdWorkUnits/s;1833;processdWorkUnits;19830;processdWorkUnits/s;1229;;
1734188129946;1;1;12000.0;12;pdgf.core.dataGenerator.worker.UpdateRowWorker#worker#6;processdWorkUnits;0;processdWorkUnits/s;0;processdWorkUnits;23;processdWorkUnits/s;1277;processdWorkUnits;20484;processdWorkUnits/s;1269;;
1734188129946;1;1;12000.0;12;pdgf.core.dataGenerator.worker.UpdateRowWorker#worker#7;processdWorkUnits;0;processdWorkUnits/s;0;processdWorkUnits;12;processdWorkUnits/s;750;processdWorkUnits;19932;processdWorkUnits/s;1235;;
1734188129946;1;1;12000.0;12;pdgf.core.dataGenerator.worker.UpdateRowWorker#worker#8;processdWorkUnits;0;processdWorkUnits/s;0;processdWorkUnits;11;processdWorkUnits/s;611;processdWorkUnits;18389;processdWorkUnits/s;1140;;
1734188129946;1;1;12000.0;12;pdgf.core.dataGenerator.worker.UpdateRowWorker#worker#9;processdWorkUnits;0;processdWorkUnits/s;0;processdWorkUnits;5;processdWorkUnits/s;312;processdWorkUnits;17448;processdWorkUnits/s;1081;;
1734188129946;1;1;12000.0;12;tpc.di.scheduler.CustomerMgmtUpdateRowWorker#worker#0;processdWorkUnits;411;processdWorkUnits/s;598;;
1734188129946;1;1;12000.0;12;tpc.di.scheduler.CustomerMgmtUpdateRowWorker#worker#1;processdWorkUnits;335;processdWorkUnits/s;487;;
1734188129946;1;1;12000.0;12;tpc.di.scheduler.CustomerMgmtUpdateRowWorker#worker#10;processdWorkUnits;1;processdWorkUnits/s;1;;
1734188129946;1;1;12000.0;12;tpc.di.scheduler.CustomerMgmtUpdateRowWorker#worker#11;processdWorkUnits;0;processdWorkUnits/s;0;;
1734188129946;1;1;12000.0;12;tpc.di.scheduler.CustomerMgmtUpdateRowWorker#worker#2;processdWorkUnits;85;processdWorkUnits/s;123;;
1734188129946;1;1;12000.0;12;tpc.di.scheduler.CustomerMgmtUpdateRowWorker#worker#3;processdWorkUnits;20;processdWorkUnits/s;29;;
1734188129946;1;1;12000.0;12;tpc.di.scheduler.CustomerMgmtUpdateRowWorker#worker#4;processdWorkUnits;10;processdWorkUnits/s;14;;
1734188129946;1;1;12000.0;12;tpc.di.scheduler.CustomerMgmtUpdateRowWorker#worker#5;processdWorkUnits;2;processdWorkUnits/s;2;;
1734188129946;1;1;12000.0;12;tpc.di.scheduler.CustomerMgmtUpdateRowWorker#worker#6;processdWorkUnits;3;processdWorkUnits/s;4;;
1734188129946;1;1;12000.0;12;tpc.di.scheduler.CustomerMgmtUpdateRowWorker#worker#7;processdWorkUnits;1;processdWorkUnits/s;1;;
1734188129946;1;1;12000.0;12;tpc.di.scheduler.CustomerMgmtUpdateRowWorker#worker#8;processdWorkUnits;1;processdWorkUnits/s;1;;
1734188129946;1;1;12000.0;12;tpc.di.scheduler.CustomerMgmtUpdateRowWorker#worker#9;processdWorkUnits;1;processdWorkUnits/s;1;;
1734370872936;1;1;9000.0;12;ALL;13677;900535653;62.8 MiB/s;;
1734370872936;1;1;9000.0;12;ALL#worker0;processdWorkUnits;91;processdWorkUnits/s;153;processdWorkUnits;2;processdWorkUnits/s;400;processdWorkUnits;35;processdWorkUnits/s;538;processdWorkUnits;409;processdWorkUnits/s;635;processdWorkUnits;43;processdWorkUnits/s;3071;processdWorkUnits;115;processdWorkUnits/s;413;processdWorkUnits;1;processdWorkUnits/s;500;processdWorkUnits;18594;processdWorkUnits/s;1548;processdWorkUnits;1;processdWorkUnits/s;500;;
1734370872936;1;1;9000.0;12;ALL#worker1;processdWorkUnits;79;processdWorkUnits/s;132;processdWorkUnits;0;processdWorkUnits/s;0;processdWorkUnits;46;processdWorkUnits/s;707;processdWorkUnits;348;processdWorkUnits/s;540;processdWorkUnits;19;processdWorkUnits/s;1357;processdWorkUnits;124;processdWorkUnits/s;446;processdWorkUnits;1;processdWorkUnits/s;500;processdWorkUnits;19338;processdWorkUnits/s;1610;processdWorkUnits;0;processdWorkUnits/s;0;;
1734370872936;1;1;9000.0;12;ALL#worker10;processdWorkUnits;99;processdWorkUnits/s;166;processdWorkUnits;0;processdWorkUnits/s;0;processdWorkUnits;41;processdWorkUnits/s;650;processdWorkUnits;0;processdWorkUnits/s;0;processdWorkUnits;16;processdWorkUnits/s;1230;processdWorkUnits;105;processdWorkUnits/s;381;processdWorkUnits;0;processdWorkUnits/s;0;processdWorkUnits;13294;processdWorkUnits/s;1107;processdWorkUnits;0;processdWorkUnits/s;0;;
1734370872936;1;1;9000.0;12;ALL#worker11;processdWorkUnits;96;processdWorkUnits/s;161;processdWorkUnits;0;processdWorkUnits/s;0;processdWorkUnits;35;processdWorkUnits/s;660;processdWorkUnits;0;processdWorkUnits/s;0;processdWorkUnits;11;processdWorkUnits/s;785;processdWorkUnits;108;processdWorkUnits/s;394;processdWorkUnits;0;processdWorkUnits/s;0;processdWorkUnits;10754;processdWorkUnits/s;895;processdWorkUnits;0;processdWorkUnits/s;0;;
1734370872936;1;1;9000.0;12;ALL#worker2;processdWorkUnits;98;processdWorkUnits/s;164;processdWorkUnits;0;processdWorkUnits/s;0;processdWorkUnits;36;processdWorkUnits/s;553;processdWorkUnits;80;processdWorkUnits/s;124;processdWorkUnits;8;processdWorkUnits/s;571;processdWorkUnits;114;processdWorkUnits/s;410;processdWorkUnits;0;processdWorkUnits/s;0;processdWorkUnits;19286;processdWorkUnits/s;1606;processdWorkUnits;0;processdWorkUnits/s;0;;
1734370872936;1;1;9000.0;12;ALL#worker3;processdWorkUnits;89;processdWorkUnits/s;149;processdWorkUnits;0;processdWorkUnits/s;0;processdWorkUnits;34;processdWorkUnits/s;523;processdWorkUnits;14;processdWorkUnits/s;21;processdWorkUnits;41;processdWorkUnits/s;2928;processdWorkUnits;111;processdWorkUnits/s;399;processdWorkUnits;0;processdWorkUnits/s;0;processdWorkUnits;19394;processdWorkUnits/s;1615;processdWorkUnits;0;processdWorkUnits/s;0;;
1734370872936;1;1;9000.0;12;ALL#worker4;processdWorkUnits;105;processdWorkUnits/s;177;processdWorkUnits;0;processdWorkUnits/s;0;processdWorkUnits;33;processdWorkUnits/s;507;processdWorkUnits;9;processdWorkUnits/s;13;processdWorkUnits;32;processdWorkUnits/s;2461;processdWorkUnits;95;processdWorkUnits/s;341;processdWorkUnits;0;processdWorkUnits/s;0;processdWorkUnits;18787;processdWorkUnits/s;1564;processdWorkUnits;0;processdWorkUnits/s;0;;
1734370872936;1;1;9000.0;12;ALL#worker5;processdWorkUnits;96;processdWorkUnits/s;161;processdWorkUnits;0;processdWorkUnits/s;0;processdWorkUnits;13;processdWorkUnits/s;200;processdWorkUnits;1;processdWorkUnits/s;1;processdWorkUnits;12;processdWorkUnits/s;857;processdWorkUnits;112;processdWorkUnits/s;402;processdWorkUnits;0;processdWorkUnits/s;0;processdWorkUnits;18610;processdWorkUnits/s;1550;processdWorkUnits;0;processdWorkUnits/s;0;;
1734370872936;1;1;9000.0;12;ALL#worker6;processdWorkUnits;82;processdWorkUnits/s;137;processdWorkUnits;1;processdWorkUnits/s;200;processdWorkUnits;32;processdWorkUnits/s;492;processdWorkUnits;1;processdWorkUnits/s;1;processdWorkUnits;18;processdWorkUnits/s;1285;processdWorkUnits;124;processdWorkUnits/s;446;processdWorkUnits;0;processdWorkUnits/s;0;processdWorkUnits;17647;processdWorkUnits/s;1469;processdWorkUnits;0;processdWorkUnits/s;0;;
1734370872936;1;1;9000.0;12;ALL#worker7;processdWorkUnits;86;processdWorkUnits/s;145;processdWorkUnits;0;processdWorkUnits/s;0;processdWorkUnits;51;processdWorkUnits/s;796;processdWorkUnits;2;processdWorkUnits/s;3;processdWorkUnits;31;processdWorkUnits/s;2214;processdWorkUnits;118;processdWorkUnits/s;424;processdWorkUnits;0;processdWorkUnits/s;0;processdWorkUnits;17655;processdWorkUnits/s;1470;processdWorkUnits;0;processdWorkUnits/s;0;;
1734370872936;1;1;9000.0;12;ALL#worker8;processdWorkUnits;100;processdWorkUnits/s;168;processdWorkUnits;0;processdWorkUnits/s;0;processdWorkUnits;53;processdWorkUnits/s;815;processdWorkUnits;0;processdWorkUnits/s;0;processdWorkUnits;27;processdWorkUnits/s;1928;processdWorkUnits;115;processdWorkUnits/s;413;processdWorkUnits;0;processdWorkUnits/s;0;processdWorkUnits;17453;processdWorkUnits/s;1453;processdWorkUnits;0;processdWorkUnits/s;0;;
1734370872936;1;1;9000.0;12;ALL#worker9;processdWorkUnits;108;processdWorkUnits/s;182;processdWorkUnits;0;processdWorkUnits/s;0;processdWorkUnits;41;processdWorkUnits/s;630;processdWorkUnits;1;processdWorkUnits/s;1;processdWorkUnits;12;processdWorkUnits/s;857;processdWorkUnits;109;processdWorkUnits/s;393;processdWorkUnits;0;processdWorkUnits/s;0;processdWorkUnits;15636;processdWorkUnits/s;1302;processdWorkUnits;0;processdWorkUnits/s;0;;
1734370872936;1;1;9000.0;12;Account;9;13520;1.4 MiB/s;;
1734370872936;1;1;9000.0;12;BatchDate;9;88;9.5 KiB/s;;
1734370872936;1;1;9000.0;12;Customer;9;19374;2.1 MiB/s;;
1734370872936;1;1;9000.0;12;CustomerMgmt;649;28060678;41.2 MiB/s;;
1734370872936;1;1;9000.0;12;DailyMarket;3781;276967406;69.9 MiB/s;;
1734370872936;1;1;9000.0;12;Date;380;3501650;8.8 MiB/s;380;3501650;8.8 MiB/s;;
1734370872936;1;1;9000.0;12;FINWIRE;1248;92447598;70.6 MiB/s;;
1734370872936;1;1;9000.0;12;HR;72;3644306;48.3 MiB/s;72;3644306;48.3 MiB/s;;
1734370872936;1;1;9000.0;12;Industry;6;2732;444.7 KiB/s;6;2732;444.7 KiB/s;;
1734370872936;1;1;9000.0;12;Prospect;283;28153818;94.9 MiB/s;;
1734370872936;1;1;9000.0;12;RecordsBatch#1;14338913;;
1734370872936;1;1;9000.0;12;RecordsBatch#2;60698;;
1734370872936;1;1;9000.0;12;RecordsBatch#3;60685;;
1734370872936;1;1;9000.0;12;RecordsBatch#ALL;14460296;1057193;records/second;;
1734370872936;1;1;9000.0;12;StatusType;11;3726;330.8 KiB/s;11;3726;330.8 KiB/s;;
1734370872936;1;1;9000.0;12;TaxRate;6;17091;2.7 MiB/s;6;17091;2.7 MiB/s;;
1734370872936;1;1;9000.0;12;Time;199;4782598;22.9 MiB/s;199;4782598;22.9 MiB/s;;
1734370872936;1;1;9000.0;12;TradeSource;5369;336120167;59.7 MiB/s;;
1734370872936;1;1;9000.0;12;WatchHistory;1611;126800802;75.1 MiB/s;;
1734370872936;1;1;9000.0;12;pdgf.core.dataGenerator.worker.DbDumpRowWorker#worker#0;processdWorkUnits;115;processdWorkUnits/s;413;;
1734370872936;1;1;9000.0;12;pdgf.core.dataGenerator.worker.DbDumpRowWorker#worker#1;processdWorkUnits;124;processdWorkUnits/s;446;;
1734370872936;1;1;9000.0;12;pdgf.core.dataGenerator.worker.DbDumpRowWorker#worker#10;processdWorkUnits;105;processdWorkUnits/s;381;;
1734370872936;1;1;9000.0;12;pdgf.core.dataGenerator.worker.DbDumpRowWorker#worker#11;processdWorkUnits;108;processdWorkUnits/s;394;;
1734370872936;1;1;9000.0;12;pdgf.core.dataGenerator.worker.DbDumpRowWorker#worker#2;processdWorkUnits;114;processdWorkUnits/s;410;;
1734370872936;1;1;9000.0;12;pdgf.core.dataGenerator.worker.DbDumpRowWorker#worker#3;processdWorkUnits;111;processdWorkUnits/s;399;;
1734370872936;1;1;9000.0;12;pdgf.core.dataGenerator.worker.DbDumpRowWorker#worker#4;processdWorkUnits;95;processdWorkUnits/s;341;;
1734370872936;1;1;9000.0;12;pdgf.core.dataGenerator.worker.DbDumpRowWorker#worker#5;processdWorkUnits;112;processdWorkUnits/s;402;;
1734370872936;1;1;9000.0;12;pdgf.core.dataGenerator.worker.DbDumpRowWorker#worker#6;processdWorkUnits;124;processdWorkUnits/s;446;;
1734370872936;1;1;9000.0;12;pdgf.core.dataGenerator.worker.DbDumpRowWorker#worker#7;processdWorkUnits;118;processdWorkUnits/s;424;;
1734370872936;1;1;9000.0;12;pdgf.core.dataGenerator.worker.DbDumpRowWorker#worker#8;processdWorkUnits;115;processdWorkUnits/s;413;;
1734370872936;1;1;9000.0;12;pdgf.core.dataGenerator.worker.DbDumpRowWorker#worker#9;processdWorkUnits;109;processdWorkUnits/s;393;;
1734370872936;1;1;9000.0;12;pdgf.core.dataGenerator.worker.RowWorker#worker#0;processdWorkUnits;91;processdWorkUnits/s;153;processdWorkUnits;35;processdWorkUnits/s;538;processdWorkUnits;1;processdWorkUnits/s;500;processdWorkUnits;1;processdWorkUnits/s;500;;
1734370872936;1;1;9000.0;12;pdgf.core.dataGenerator.worker.RowWorker#worker#1;processdWorkUnits;79;processdWorkUnits/s;132;processdWorkUnits;46;processdWorkUnits/s;707;processdWorkUnits;1;processdWorkUnits/s;500;processdWorkUnits;0;processdWorkUnits/s;0;;
1734370872936;1;1;9000.0;12;pdgf.core.dataGenerator.worker.RowWorker#worker#10;processdWorkUnits;99;processdWorkUnits/s;166;processdWorkUnits;41;processdWorkUnits/s;650;processdWorkUnits;0;processdWorkUnits/s;0;processdWorkUnits;0;processdWorkUnits/s;0;;
1734370872936;1;1;9000.0;12;pdgf.core.dataGenerator.worker.RowWorker#worker#11;processdWorkUnits;96;processdWorkUnits/s;161;processdWorkUnits;35;processdWorkUnits/s;660;processdWorkUnits;0;processdWorkUnits/s;0;processdWorkUnits;0;processdWorkUnits/s;0;;
1734370872936;1;1;9000.0;12;pdgf.core.dataGenerator.worker.RowWorker#worker#2;processdWorkUnits;98;processdWorkUnits/s;164;processdWorkUnits;36;processdWorkUnits/s;553;processdWorkUnits;0;processdWorkUnits/s;0;processdWorkUnits;0;processdWorkUnits/s;0;;
1734370872936;1;1;9000.0;12;pdgf.core.dataGenerator.worker.RowWorker#worker#3;processdWorkUnits;89;processdWorkUnits/s;149;processdWorkUnits;34;processdWorkUnits/s;523;processdWorkUnits;0;processdWorkUnits/s;0;processdWorkUnits;0;processdWorkUnits/s;0;;
1734370872936;1;1;9000.0;12;pdgf.core.dataGenerator.worker.RowWorker#worker#4;processdWorkUnits;105;processdWorkUnits/s;177;processdWorkUnits;33;processdWorkUnits/s;507;processdWorkUnits;0;processdWorkUnits/s;0;processdWorkUnits;0;processdWorkUnits/s;0;;
1734370872936;1;1;9000.0;12;pdgf.core.dataGenerator.worker.RowWorker#worker#5;processdWorkUnits;96;processdWorkUnits/s;161;processdWorkUnits;13;processdWorkUnits/s;200;processdWorkUnits;0;processdWorkUnits/s;0;processdWorkUnits;0;processdWorkUnits/s;0;;
1734370872936;1;1;9000.0;12;pdgf.core.dataGenerator.worker.RowWorker#worker#6;processdWorkUnits;82;processdWorkUnits/s;137;processdWorkUnits;32;processdWorkUnits/s;492;processdWorkUnits;0;processdWorkUnits/s;0;processdWorkUnits;0;processdWorkUnits/s;0;;
1734370872936;1;1;9000.0;12;pdgf.core.dataGenerator.worker.RowWorker#worker#7;processdWorkUnits;86;processdWorkUnits/s;145;processdWorkUnits;51;processdWorkUnits/s;796;processdWorkUnits;0;processdWorkUnits/s;0;processdWorkUnits;0;processdWorkUnits/s;0;;
1734370872936;1;1;9000.0;12;pdgf.core.dataGenerator.worker.RowWorker#worker#8;processdWorkUnits;100;processdWorkUnits/s;168;processdWorkUnits;53;processdWorkUnits/s;815;processdWorkUnits;0;processdWorkUnits/s;0;processdWorkUnits;0;processdWorkUnits/s;0;;
1734370872936;1;1;9000.0;12;pdgf.core.dataGenerator.worker.RowWorker#worker#9;processdWorkUnits;108;processdWorkUnits/s;182;processdWorkUnits;41;processdWorkUnits/s;630;processdWorkUnits;0;processdWorkUnits/s;0;processdWorkUnits;0;processdWorkUnits/s;0;;
1734370872936;1;1;9000.0;12;pdgf.core.dataGenerator.worker.UpdateRowWorker#worker#0;processdWorkUnits;2;processdWorkUnits/s;400;processdWorkUnits;43;processdWorkUnits/s;3071;processdWorkUnits;18594;processdWorkUnits/s;1548;;
1734370872936;1;1;9000.0;12;pdgf.core.dataGenerator.worker.UpdateRowWorker#worker#1;processdWorkUnits;0;processdWorkUnits/s;0;processdWorkUnits;19;processdWorkUnits/s;1357;processdWorkUnits;19338;processdWorkUnits/s;1610;;
1734370872936;1;1;9000.0;12;pdgf.core.dataGenerator.worker.UpdateRowWorker#worker#10;processdWorkUnits;0;processdWorkUnits/s;0;processdWorkUnits;16;processdWorkUnits/s;1230;processdWorkUnits;13294;processdWorkUnits/s;1107;;
1734370872936;1;1;9000.0;12;pdgf.core.dataGenerator.worker.UpdateRowWorker#worker#11;processdWorkUnits;0;processdWorkUnits/s;0;processdWorkUnits;11;processdWorkUnits/s;785;processdWorkUnits;10754;processdWorkUnits/s;895;;
1734370872936;1;1;9000.0;12;pdgf.core.dataGenerator.worker.UpdateRowWorker#worker#2;processdWorkUnits;0;processdWorkUnits/s;0;processdWorkUnits;8;processdWorkUnits/s;571;processdWorkUnits;19286;processdWorkUnits/s;1606;;
1734370872936;1;1;9000.0;12;pdgf.core.dataGenerator.worker.UpdateRowWorker#worker#3;processdWorkUnits;0;processdWorkUnits/s;0;processdWorkUnits;41;processdWorkUnits/s;2928;processdWorkUnits;19394;processdWorkUnits/s;1615;;
1734370872936;1;1;9000.0;12;pdgf.core.dataGenerator.worker.UpdateRowWorker#worker#4;processdWorkUnits;0;processdWorkUnits/s;0;processdWorkUnits;32;processdWorkUnits/s;2461;processdWorkUnits;18787;processdWorkUnits/s;1564;;
1734370872936;1;1;9000.0;12;pdgf.core.dataGenerator.worker.UpdateRowWorker#worker#5;processdWorkUnits;0;processdWorkUnits/s;0;processdWorkUnits;12;processdWorkUnits/s;857;processdWorkUnits;18610;processdWorkUnits/s;1550;;
1734370872936;1;1;9000.0;12;pdgf.core.dataGenerator.worker.UpdateRowWorker#worker#6;processdWorkUnits;1;processdWorkUnits/s;200;processdWorkUnits;18;processdWorkUnits/s;1285;processdWorkUnits;17647;processdWorkUnits/s;1469;;
1734370872936;1;1;9000.0;12;pdgf.core.dataGenerator.worker.UpdateRowWorker#worker#7;processdWorkUnits;0;processdWorkUnits/s;0;processdWorkUnits;31;processdWorkUnits/s;2214;processdWorkUnits;17655;processdWorkUnits/s;1470;;
1734370872936;1;1;9000.0;12;pdgf.core.dataGenerator.worker.UpdateRowWorker#worker#8;processdWorkUnits;0;processdWorkUnits/s;0;processdWorkUnits;27;processdWorkUnits/s;1928;processdWorkUnits;17453;processdWorkUnits/s;1453;;
1734370872936;1;1;9000.0;12;pdgf.core.dataGenerator.worker.UpdateRowWorker#worker#9;processdWorkUnits;0;processdWorkUnits/s;0;processdWorkUnits;12;processdWorkUnits/s;857;processdWorkUnits;15636;processdWorkUnits/s;1302;;
1734370872936;1;1;9000.0;12;tpc.di.scheduler.CustomerMgmtUpdateRowWorker#worker#0;processdWorkUnits;409;processdWorkUnits/s;635;;
1734370872936;1;1;9000.0;12;tpc.di.scheduler.CustomerMgmtUpdateRowWorker#worker#1;processdWorkUnits;348;processdWorkUnits/s;540;;
1734370872936;1;1;9000.0;12;tpc.di.scheduler.CustomerMgmtUpdateRowWorker#worker#10;processdWorkUnits;0;processdWorkUnits/s;0;;
1734370872936;1;1;9000.0;12;tpc.di.scheduler.CustomerMgmtUpdateRowWorker#worker#11;processdWorkUnits;0;processdWorkUnits/s;0;;
1734370872936;1;1;9000.0;12;tpc.di.scheduler.CustomerMgmtUpdateRowWorker#worker#2;processdWorkUnits;80;processdWorkUnits/s;124;;
1734370872936;1;1;9000.0;12;tpc.di.scheduler.CustomerMgmtUpdateRowWorker#worker#3;processdWorkUnits;14;processdWorkUnits/s;21;;
1734370872936;1;1;9000.0;12;tpc.di.scheduler.CustomerMgmtUpdateRowWorker#worker#4;processdWorkUnits;9;processdWorkUnits/s;13;;
1734370872936;1;1;9000.0;12;tpc.di.scheduler.CustomerMgmtUpdateRowWorker#worker#5;processdWorkUnits;1;processdWorkUnits/s;1;;
1734370872936;1;1;9000.0;12;tpc.di.scheduler.CustomerMgmtUpdateRowWorker#worker#6;processdWorkUnits;1;processdWorkUnits/s;1;;
1734370872936;1;1;9000.0;12;tpc.di.scheduler.CustomerMgmtUpdateRowWorker#worker#7;processdWorkUnits;2;processdWorkUnits/s;3;;
1734370872936;1;1;9000.0;12;tpc.di.scheduler.CustomerMgmtUpdateRowWorker#worker#8;processdWorkUnits;0;processdWorkUnits/s;0;;
1734370872936;1;1;9000.0;12;tpc.di.scheduler.CustomerMgmtUpdateRowWorker#worker#9;processdWorkUnits;1;processdWorkUnits/s;1;;
